ticker,grade,composite_score,base_type,depth_pct,pivot_source,rs_percentile,power_rank,distance_to_pivot_pct,reward_to_risk,stop_price
AAPL,REJECT,0.0,standard_base,0.0,,,,0.0,,
MSFT,REJECT,0.0,standard_base,0.0,,,,0.0,,
NVDA,REJECT,0.0,standard_base,0.0,,,,0.0,,
AMD,REJECT,0.0,standard_base,0.0,,,,0.0,,
TSLA,REJECT,0.0,standard_base,0.0,,,,0.0,,
INTC,REJECT,0.0,standard_base,0.0,,,,0.0,,
GDS,REJECT,0.0,standard_base,0.0,,,,0.0,,
QBTS,REJECT,0.0,standard_base,0.0,,,,0.0,,
IONQ,REJECT,0.0,standard_base,0.0,,,,0.0,,
RGTI,REJECT,0.0,standard_base,0.0,,,,0.0,,
QUBT,REJECT,0.0,standard_base,0.0,,,,0.0,,
PFE,REJECT,0.0,standard_base,0.0,,,,0.0,,
JNJ,A,82.1,flat_base,10.9,flat_max_spike_filtered,70.6,52.6,-0.59,4.3,241.22
MRK,A+,88.3,cup,15.6,cup_handle,83.3,72.1,-0.16,3.64,120.39
ABBV,REJECT,0.0,standard_base,0.0,,,,0.0,,
BMY,A,83.0,flat_base,13.7,flat_max_spike_filtered,86.1,66.9,-1.27,2.65,59.71
LLY,REJECT,0.0,standard_base,0.0,,,,0.0,,
GILD,REJECT,0.0,standard_base,0.0,,,,0.0,,
AMGN,B,75.7,cup,17.4,cup_handle,56.9,50.3,-0.39,3.0,369.0
REGN,B,73.0,flat_base,12.5,flat_max_spike_filtered,40.0,46.0,-3.16,2.42,780.42
VRTX,REJECT,0.0,standard_base,0.0,,,,0.0,,
BIIB,REJECT,48.6,cup,20.8,cup_handle,60.5,57.2,-2.09,2.01,190.32
TEVA,A+,91.3,cup,18.4,cup_handle,89.0,94.5,-4.32,2.28,33.77
ZTS,REJECT,0.0,standard_base,0.0,,,,0.0,,
ALKS,REJECT,0.0,standard_base,0.0,,,,0.0,,
IONS,REJECT,54.2,flat_base,14.5,flat_max_spike_filtered,58.9,79.5,-2.25,2.19,82.63
INCY,REJECT,0.0,standard_base,0.0,,,,0.0,,
RHM.DE,REJECT,0.0,standard_base,0.0,,,,0.0,,
HAG.DE,REJECT,0.0,standard_base,0.0,,,,0.0,,
HO.PA,REJECT,0.0,standard_base,0.0,,,,0.0,,
SAF.PA,REJECT,51.5,cup,17.4,cup_handle,71.9,49.3,-1.37,2.59,398.0
AM.PA,REJECT,0.0,standard_base,0.0,,,,0.0,,
BA.L,REJECT,0.0,standard_base,0.0,,,,0.0,,
RR.L,REJECT,54.1,flat_base,11.9,flat_max_spike_filtered,82.2,57.5,-1.37,2.44,1296.16
QQ.L,REJECT,0.0,standard_base,0.0,,,,0.0,,
LDO.MI,B,71.3,cup,22.8,cup_handle,63.4,50.3,-2.96,2.22,67.34
IDR.MC,REJECT,0.0,standard_base,0.0,,,,0.0,,
SAAB-B.ST,REJECT,0.0,standard_base,0.0,,,,0.0,,
KOG.OL,REJECT,0.0,standard_base,0.0,,,,0.0,,
SAP.DE,REJECT,0.0,standard_base,0.0,,,,0.0,,
ASML.AS,REJECT,0.0,standard_base,0.0,,,,0.0,,
ADYEN.AS,REJECT,0.0,standard_base,0.0,,,,0.0,,
CAP.PA,REJECT,0.0,standard_base,0.0,,,,0.0,,
SGE.L,REJECT,0.0,standard_base,0.0,,,,0.0,,
DBK.DE,REJECT,0.0,standard_base,0.0,,,,0.0,,
CBK.DE,REJECT,0.0,standard_base,0.0,,,,0.0,,
BNP.PA,A,83.3,flat_base,12.9,flat_max_spike_filtered,87.2,68.2,-1.3,2.67,110.31
GLE.PA,A,79.2,flat_base,14.8,flat_max_spike_filtered,82.9,66.6,-3.4,1.87,86.04
HSBA.L,A,76.8,flat_base,9.0,flat_max_spike_filtered,73.3,55.6,-2.25,2.77,1274.93
LLOY.L,REJECT,49.7,cup,18.8,cup_handle,64.8,56.4,-1.98,2.0,100.6
BARC.L,REJECT,0.0,standard_base,0.0,,,,0.0,,
SAN.MC,A,77.0,flat_base,11.7,flat_max_spike_filtered,73.9,57.3,-2.69,2.1,12.62
BBVA.MC,REJECT,0.0,standard_base,0.0,,,,0.0,,
ISP.MI,REJECT,0.0,standard_base,0.0,,,,0.0,,
UCG.MI,REJECT,47.4,flat_base,12.9,flat_max_spike_filtered,67.4,50.9,-4.95,1.99,86.91
INGA.AS,B,69.1,flat_base,10.8,flat_max_spike_filtered,60.4,46.0,-5.08,2.58,29.92
UBSG.SW,REJECT,0.0,standard_base,0.0,,,,0.0,,
VOW3.DE,REJECT,0.0,standard_base,0.0,,,,0.0,,
BMW.DE,REJECT,0.0,standard_base,0.0,,,,0.0,,
RNO.PA,REJECT,0.0,standard_base,0.0,,,,0.0,,
PEUG.PA,REJECT,0.0,standard_base,0.0,,,,0.0,,
VOLV-B.ST,A,79.2,cup,17.6,cup_handle,82.7,63.6,-0.51,4.11,343.33
BP.L,REJECT,0.0,standard_base,0.0,,,,0.0,,
SHEL.L,REJECT,0.0,standard_base,0.0,,,,0.0,,
TTE.PA,REJECT,50.4,cup,20.0,cup_handle,67.5,52.5,-0.77,3.67,76.5
ENI.MI,REJECT,0.0,standard_base,0.0,,,,0.0,,
REP.MC,A,82.5,cup,18.4,cup_handle,71.8,54.6,-0.46,2.62,21.12
EQNR.OL,REJECT,0.0,standard_base,0.0,,,,0.0,,
NOVN.SW,A,77.6,flat_base,13.1,flat_max_spike_filtered,76.4,54.9,-1.2,3.53,125.87
ROG.SW,B,77.9,flat_base,11.1,flat_max_spike_filtered,65.8,55.0,-0.54,3.84,362.7
GSK.L,REJECT,0.0,standard_base,0.0,,,,0.0,,
AZN.L,REJECT,45.1,cup,15.7,cup_handle,46.5,46.2,-2.46,2.83,15175.15
HIK.L,REJECT,0.0,standard_base,0.0,,,,0.0,,
SAN.PA,REJECT,0.0,standard_base,0.0,,,,0.0,,
IPS.PA,REJECT,0.0,standard_base,0.0,,,,0.0,,
BAYN.DE,REJECT,0.0,standard_base,0.0,,,,0.0,,
MRK.DE,REJECT,0.0,standard_base,0.0,,,,0.0,,
FRE.DE,REJECT,0.0,standard_base,0.0,,,,0.0,,
EVT.DE,REJECT,0.0,standard_base,0.0,,,,0.0,,
NOVO-B.CO,REJECT,0.0,standard_base,0.0,,,,0.0,,
UCB.BR,B,75.6,flat_base,13.6,flat_max_spike_filtered,56.4,46.2,-6.67,2.34,326.97
PHIA.AS,REJECT,36.5,flat_base,13.4,flat_max_spike_filtered,47.8,37.5,-3.84,2.32,30.9
GETI-B.ST,REJECT,0.0,standard_base,0.0,,,,0.0,,
REC.MI,REJECT,0.0,standard_base,0.0,,,,0.0,,
DIA.MI,REJECT,0.0,standard_base,0.0,,,,0.0,,
GRF.MC,REJECT,0.0,standard_base,0.0,,,,0.0,,
FAE.MC,REJECT,0.0,standard_base,0.0,,,,0.0,,
PZU.WA,B,74.0,flat_base,7.5,flat_max_spike_filtered,62.1,48.5,-2.91,4.22,70.41
EVN.VI,B,69.9,flat_base,9.4,flat_max_spike_filtered,45.8,36.5,-2.51,3.32,34.16
MC.PA,REJECT,0.0,standard_base,0.0,,,,0.0,,
KER.PA,REJECT,0.0,standard_base,0.0,,,,0.0,,
CFR.SW,REJECT,0.0,standard_base,0.0,,,,0.0,,
DGE.L,REJECT,0.0,standard_base,0.0,,,,0.0,,
ULVR.L,REJECT,0.0,standard_base,0.0,,,,0.0,,
ADS.DE,REJECT,0.0,standard_base,0.0,,,,0.0,,
PRY.MI,B,69.6,cup,20.6,cup_handle,55.4,45.0,-5.4,1.7,112.73
SIEGY,REJECT,0.0,standard_base,0.0,,,,0.0,,
SIE.DE,REJECT,0.0,standard_base,0.0,,,,0.0,,
AIR.PA,REJECT,0.0,standard_base,0.0,,,,0.0,,
SMIN.L,REJECT,0.0,standard_base,0.0,,,,0.0,,
ATCO-A.ST,A,78.8,flat_base,9.6,flat_max_spike_filtered,81.3,56.3,-0.76,3.73,191.08
ATCO-B.ST,A,76.8,flat_base,8.5,flat_max_spike_filtered,73.1,50.1,-1.17,3.89,165.92
VOD.L,A,81.8,cup,20.2,cup_handle,81.3,63.2,-3.68,2.3,115.7
BT-A.L,REJECT,0.0,standard_base,0.0,,,,0.0,,
DTE.DE,REJECT,0.0,standard_base,0.0,,,,0.0,,
TEF.MC,REJECT,0.0,standard_base,0.0,,,,0.0,,
KPN.AS,REJECT,0.0,standard_base,0.0,,,,0.0,,
EOAN.DE,B,75.0,flat_base,12.4,flat_max_spike_filtered,66.0,46.0,-2.15,3.51,21.64
ENGI.PA,A,76.6,flat_base,13.4,flat_max_spike_filtered,72.6,57.7,-1.74,3.14,30.83
NG.L,REJECT,51.2,cup,21.2,cup_handle,70.8,55.4,-2.82,3.21,1355.37
IBE.MC,REJECT,0.0,standard_base,0.0,,,,0.0,,
ENEL.MI,REJECT,0.0,standard_base,0.0,,,,0.0,,
RIO.L,A,82.8,cup,20.0,cup_handle,85.4,69.9,-3.07,1.78,6973.13
GLEN.L,REJECT,0.0,standard_base,0.0,,,,0.0,,
LONN.SW,REJECT,0.0,standard_base,0.0,,,,0.0,,
BAS.DE,C,63.5,cup,17.7,cup_handle,56.1,41.6,-4.96,2.64,58.37
LAND.L,REJECT,0.0,standard_base,0.0,,,,0.0,,
VNA.DE,REJECT,0.0,standard_base,0.0,,,,0.0,,
NESN.SW,REJECT,0.0,standard_base,0.0,,,,0.0,,
TSCO.L,REJECT,0.0,standard_base,0.0,,,,0.0,,
DANOY,REJECT,0.0,standard_base,0.0,,,,0.0,,
HEIA.AS,REJECT,0.0,standard_base,0.0,,,,0.0,,
NXT.L,REJECT,0.0,standard_base,0.0,,,,0.0,,
ZAL.DE,REJECT,0.0,standard_base,0.0,,,,0.0,,
CA.PA,REJECT,51.5,cup,15.0,cup_handle,72.1,52.8,-0.53,2.45,18.05
ADBE,REJECT,0.0,standard_base,0.0,,,,0.0,,
AMZN,REJECT,0.0,standard_base,0.0,,,,0.0,,
AVGO,REJECT,0.0,standard_base,0.0,,,,0.0,,
AXP,REJECT,0.0,standard_base,0.0,,,,0.0,,
BA,REJECT,0.0,standard_base,0.0,,,,0.0,,
BKNG,REJECT,0.0,standard_base,0.0,,,,0.0,,
CAT,REJECT,0.0,standard_base,0.0,,,,0.0,,
COST,REJECT,0.0,standard_base,0.0,,,,0.0,,
CRM,REJECT,0.0,standard_base,0.0,,,,0.0,,
CRWD,REJECT,0.0,standard_base,0.0,,,,0.0,,
DE,REJECT,0.0,standard_base,0.0,,,,0.0,,
GE,REJECT,48.8,cup,18.9,cup_handle,61.1,44.9,-1.51,2.36,329.69
GOOG,REJECT,0.0,standard_base,0.0,,,,0.0,,
GOOGL,REJECT,0.0,standard_base,0.0,,,,0.0,,
HD,REJECT,0.0,standard_base,0.0,,,,0.0,,
HON,REJECT,0.0,standard_base,0.0,,,,0.0,,
INTU,REJECT,0.0,standard_base,0.0,,,,0.0,,
ISRG,REJECT,0.0,standard_base,0.0,,,,0.0,,
JPM,REJECT,0.0,standard_base,0.0,,,,0.0,,
LOW,B,72.6,flat_base,12.0,flat_max_spike_filtered,68.4,51.5,-5.5,2.59,278.67
MA,REJECT,0.0,standard_base,0.0,,,,0.0,,
META,REJECT,0.0,standard_base,0.0,,,,0.0,,
MMM,REJECT,0.0,standard_base,0.0,,,,0.0,,
NFLX,REJECT,0.0,standard_base,0.0,,,,0.0,,
NOW,REJECT,0.0,standard_base,0.0,,,,0.0,,
ORCL,REJECT,0.0,standard_base,0.0,,,,0.0,,
PEP,REJECT,0.0,standard_base,0.0,,,,0.0,,
PLTR,REJECT,0.0,standard_base,0.0,,,,0.0,,
QCOM,REJECT,0.0,standard_base,0.0,,,,0.0,,
RTX,B,74.6,flat_base,11.0,flat_max_spike_filtered,64.3,48.9,-1.42,2.8,198.99
SBUX,REJECT,0.0,standard_base,0.0,,,,0.0,,
SNOW,REJECT,0.0,standard_base,0.0,,,,0.0,,
TMO,REJECT,0.0,standard_base,0.0,,,,0.0,,
V,REJECT,0.0,standard_base,0.0,,,,0.0,,
XOM,REJECT,0.0,standard_base,0.0,,,,0.0,,
BAC,REJECT,0.0,standard_base,0.0,,,,0.0,,
BK,REJECT,0.0,standard_base,0.0,,,,0.0,,
BLK,REJECT,0.0,standard_base,0.0,,,,0.0,,
BMO,REJECT,0.0,standard_base,0.0,,,,0.0,,
BNS,REJECT,0.0,standard_base,0.0,,,,0.0,,
C,REJECT,0.0,standard_base,0.0,,,,0.0,,
CFG,REJECT,47.6,cup,15.9,cup_handle,74.6,60.2,-7.76,2.31,64.83
CMCSA,REJECT,0.0,standard_base,0.0,,,,0.0,,
COF,REJECT,0.0,standard_base,0.0,,,,0.0,,
CSCO,REJECT,0.0,standard_base,0.0,,,,0.0,,
DDOG,REJECT,0.0,standard_base,0.0,,,,0.0,,
DELL,REJECT,0.0,standard_base,0.0,,,,0.0,,
DHI,REJECT,0.0,standard_base,0.0,,,,0.0,,
DIS,REJECT,0.0,standard_base,0.0,,,,0.0,,
DOCN,REJECT,0.0,standard_base,0.0,,,,0.0,,
ESTC,REJECT,0.0,standard_base,0.0,,,,0.0,,
FITB,B,72.6,flat_base,13.8,flat_max_spike_filtered,74.5,57.1,-8.4,2.27,53.0
FTNT,REJECT,0.0,standard_base,0.0,,,,0.0,,
GS,REJECT,0.0,standard_base,0.0,,,,0.0,,
HBAN,REJECT,0.0,standard_base,0.0,,,,0.0,,
HPE,REJECT,0.0,standard_base,0.0,,,,0.0,,
HPQ,REJECT,0.0,standard_base,0.0,,,,0.0,,
IBM,REJECT,0.0,standard_base,0.0,,,,0.0,,
KBH,REJECT,0.0,standard_base,0.0,,,,0.0,,
KEY,REJECT,0.0,standard_base,0.0,,,,0.0,,
KO,REJECT,0.0,standard_base,0.0,,,,0.0,,
LEN,REJECT,0.0,standard_base,0.0,,,,0.0,,
MCD,REJECT,0.0,standard_base,0.0,,,,0.0,,
MDB,REJECT,0.0,standard_base,0.0,,,,0.0,,
MS,REJECT,0.0,standard_base,0.0,,,,0.0,,
MTB,B,66.3,cup,16.5,cup_handle,73.2,55.5,-6.23,2.71,229.34
NET,REJECT,0.0,standard_base,0.0,,,,0.0,,
NKE,REJECT,0.0,standard_base,0.0,,,,0.0,,
NTRS,REJECT,0.0,standard_base,0.0,,,,0.0,,
NVR,REJECT,0.0,standard_base,0.0,,,,0.0,,
OKTA,REJECT,0.0,standard_base,0.0,,,,0.0,,
PANW,REJECT,0.0,standard_base,0.0,,,,0.0,,
PG,REJECT,0.0,standard_base,0.0,,,,0.0,,
PHM,B,73.3,flat_base,14.9,flat_max_spike_filtered,71.1,50.4,-3.75,2.09,137.6
PNC,B,65.5,cup,15.2,cup_handle,70.0,54.5,-7.1,2.55,228.58
ROST,A,85.1,flat_base,9.2,flat_max_spike_filtered,76.4,57.3,-1.35,3.55,197.59
RY,REJECT,0.0,standard_base,0.0,,,,0.0,,
SCHW,REJECT,0.0,standard_base,0.0,,,,0.0,,
STT,REJECT,0.0,standard_base,0.0,,,,0.0,,
T,REJECT,0.0,standard_base,0.0,,,,0.0,,
TD,B,77.3,flat_base,6.9,flat_max_spike_filtered,63.1,45.1,-2.46,4.41,96.13
TFC,REJECT,0.0,standard_base,0.0,,,,0.0,,
TGT,A+,85.0,cup,21.6,cup_handle,88.0,66.0,-4.4,2.23,113.65
TJX,REJECT,0.0,standard_base,0.0,,,,0.0,,
TOL,B,73.1,cup,21.4,cup_handle,76.5,56.3,-6.21,1.9,159.48
UNH,REJECT,0.0,standard_base,0.0,,,,0.0,,
USB,B,71.6,flat_base,13.0,flat_max_spike_filtered,70.5,53.9,-8.46,2.46,58.7
VZ,REJECT,0.0,standard_base,0.0,,,,0.0,,
WFC,REJECT,0.0,standard_base,0.0,,,,0.0,,
WMT,B,70.0,cup,18.5,cup_handle,63.9,50.2,-6.08,2.24,128.69
ZION,REJECT,0.0,standard_base,0.0,,,,0.0,,
ZS,REJECT,0.0,standard_base,0.0,,,,0.0,,
ANET,REJECT,0.0,standard_base,0.0,,,,0.0,,
APP,REJECT,0.0,standard_base,0.0,,,,0.0,,
CDNS,REJECT,0.0,standard_base,0.0,,,,0.0,,
CHKP,REJECT,0.0,standard_base,0.0,,,,0.0,,
CTSH,REJECT,0.0,standard_base,0.0,,,,0.0,,
DOCU,REJECT,0.0,standard_base,0.0,,,,0.0,,
FRSH,REJECT,0.0,standard_base,0.0,,,,0.0,,
GTLB,REJECT,0.0,standard_base,0.0,,,,0.0,,
HUBS,REJECT,0.0,standard_base,0.0,,,,0.0,,
QLYS,REJECT,0.0,standard_base,0.0,,,,0.0,,
RPD,REJECT,0.0,standard_base,0.0,,,,0.0,,
TEAM,REJECT,0.0,standard_base,0.0,,,,0.0,,
TENB,REJECT,0.0,standard_base,0.0,,,,0.0,,
VEEV,REJECT,0.0,standard_base,0.0,,,,0.0,,
WDAY,REJECT,0.0,standard_base,0.0,,,,0.0,,
ZM,REJECT,0.0,standard_base,0.0,,,,0.0,,
AMAT,REJECT,0.0,standard_base,0.0,,,,0.0,,
ASML,REJECT,0.0,standard_base,0.0,,,,0.0,,
LRCX,REJECT,0.0,standard_base,0.0,,,,0.0,,
KLAC,REJECT,0.0,standard_base,0.0,,,,0.0,,
MCHP,REJECT,46.7,flat_base,13.3,flat_max_spike_filtered,95.0,84.2,-7.38,1.67,76.55
MPWR,REJECT,0.0,standard_base,0.0,,,,0.0,,
MRVL,REJECT,0.0,standard_base,0.0,,,,0.0,,
NXPI,REJECT,0.0,standard_base,0.0,,,,0.0,,
ON,REJECT,0.0,standard_base,0.0,,,,0.0,,
QRVO,REJECT,0.0,standard_base,0.0,,,,0.0,,
SWKS,REJECT,0.0,standard_base,0.0,,,,0.0,,
TXN,REJECT,0.0,standard_base,0.0,,,,0.0,,
ADSK,REJECT,0.0,standard_base,0.0,,,,0.0,,
FROG,REJECT,0.0,standard_base,0.0,,,,0.0,,
EBAY,REJECT,0.0,standard_base,0.0,,,,0.0,,
ETSY,REJECT,0.0,standard_base,0.0,,,,0.0,,
MELI,REJECT,0.0,standard_base,0.0,,,,0.0,,
SHOP,REJECT,0.0,standard_base,0.0,,,,0.0,,
BBY,REJECT,0.0,standard_base,0.0,,,,0.0,,
DKS,REJECT,0.0,standard_base,0.0,,,,0.0,,
ULTA,C,58.1,flat_base,12.6,flat_max_spike_filtered,86.4,65.7,-5.93,2.35,684.53
ALLY,REJECT,0.0,standard_base,0.0,,,,0.0,,
BEN,A,76.1,flat_base,12.9,flat_max_spike_filtered,82.3,59.1,-4.27,2.23,27.05
CBOE,B,72.6,flat_base,12.9,flat_max_spike_filtered,56.5,41.6,-0.46,2.5,281.82
CME,REJECT,0.0,standard_base,0.0,,,,0.0,,
COIN,REJECT,0.0,standard_base,0.0,,,,0.0,,
FDS,REJECT,0.0,standard_base,0.0,,,,0.0,,
FIS,REJECT,0.0,standard_base,0.0,,,,0.0,,
FISV,REJECT,0.0,standard_base,0.0,,,,0.0,,
ICE,REJECT,0.0,standard_base,0.0,,,,0.0,,
IVZ,REJECT,0.0,standard_base,0.0,,,,0.0,,
NDAQ,REJECT,0.0,standard_base,0.0,,,,0.0,,
TROW,REJECT,0.0,standard_base,0.0,,,,0.0,,
ALNY,REJECT,0.0,standard_base,0.0,,,,0.0,,
BMRN,REJECT,0.0,standard_base,0.0,,,,0.0,,
EXAS,B,79.9,flat_base,1.8,flat_max_spike_filtered,31.6,55.6,-0.15,20.32,103.14
FOLD,A+,95.6,flat_base,0.7,flat_max_spike_filtered,94.3,83.4,-0.14,26.12,14.31
HALO,REJECT,0.0,standard_base,0.0,,,,0.0,,
ILMN,REJECT,0.0,standard_base,0.0,,,,0.0,,
MRNA,C,59.9,standard_base,32.1,flat_max_spike_filtered,99.7,99.9,-6.02,1.07,48.95
NBIX,REJECT,0.0,standard_base,0.0,,,,0.0,,
NVAX,REJECT,53.8,cup,23.1,cup_handle,93.4,79.0,-4.02,1.13,8.75
SGMO,REJECT,0.0,standard_base,0.0,,,,0.0,,
TECH,REJECT,0.0,standard_base,0.0,,,,0.0,,
XBI,B,78.5,flat_base,8.9,flat_max_spike_filtered,49.9,39.0,-2.59,2.34,124.38
CI,REJECT,0.0,standard_base,0.0,,,,0.0,,
CNC,REJECT,0.0,standard_base,0.0,,,,0.0,,
CVS,REJECT,0.0,standard_base,0.0,,,,0.0,,
HCA,REJECT,49.9,cup,16.6,cup_handle,53.7,48.8,-2.58,2.46,530.45
HUM,REJECT,0.0,standard_base,0.0,,,,0.0,,
MOH,REJECT,0.0,standard_base,0.0,,,,0.0,,
TDOC,REJECT,0.0,standard_base,0.0,,,,0.0,,
ABT,REJECT,0.0,standard_base,0.0,,,,0.0,,
ALGN,REJECT,0.0,standard_base,0.0,,,,0.0,,
BAX,REJECT,0.0,standard_base,0.0,,,,0.0,,
BDX,A,77.4,cup,16.0,cup_handle,75.8,61.3,-0.68,2.22,177.91
BSX,REJECT,0.0,standard_base,0.0,,,,0.0,,
DHR,REJECT,0.0,standard_base,0.0,,,,0.0,,
EW,REJECT,0.0,standard_base,0.0,,,,0.0,,
HOLX,REJECT,0.0,standard_base,0.0,,,,0.0,,
MDT,REJECT,0.0,standard_base,0.0,,,,0.0,,
RMD,REJECT,0.0,standard_base,0.0,,,,0.0,,
SYK,REJECT,0.0,standard_base,0.0,,,,0.0,,
ZBH,REJECT,0.0,standard_base,0.0,,,,0.0,,
CMG,REJECT,0.0,standard_base,0.0,,,,0.0,,
DRI,REJECT,0.0,standard_base,0.0,,,,0.0,,
YUM,REJECT,0.0,standard_base,0.0,,,,0.0,,
AS,B,71.3,cup,18.6,cup_handle,63.3,55.6,-5.14,1.54,39.98
CL,REJECT,0.0,standard_base,0.0,,,,0.0,,
CLX,REJECT,0.0,standard_base,0.0,,,,0.0,,
EL,REJECT,0.0,standard_base,0.0,,,,0.0,,
GIS,REJECT,0.0,standard_base,0.0,,,,0.0,,
HRL,REJECT,0.0,standard_base,0.0,,,,0.0,,
KMB,REJECT,0.0,standard_base,0.0,,,,0.0,,
MDLZ,REJECT,0.0,standard_base,0.0,,,,0.0,,
SJM,REJECT,0.0,standard_base,0.0,,,,0.0,,
STZ,REJECT,0.0,standard_base,0.0,,,,0.0,,
TAP,REJECT,0.0,standard_base,0.0,,,,0.0,,
AOS,B,69.1,cup,19.0,cup_handle,72.2,51.5,-5.67,3.08,79.21
CHRW,REJECT,52.3,standard_base,26.5,flat_max_spike_filtered,69.0,65.9,-12.14,1.38,188.61
CMI,C,56.4,cup,21.9,cup_handle,79.5,69.4,-3.24,2.41,581.72
CSX,REJECT,52.3,cup,18.2,cup_handle,75.4,54.8,-1.72,3.17,41.18
DOV,A,79.1,cup,18.4,cup_handle,82.5,66.1,-2.92,2.93,229.44
EMR,REJECT,38.6,cup,19.7,cup_handle,62.4,48.1,-7.97,1.72,148.26
ETN,REJECT,0.0,standard_base,0.0,,,,0.0,,
FAST,REJECT,0.0,standard_base,0.0,,,,0.0,,
GNRC,REJECT,0.0,standard_base,0.0,,,,0.0,,
IR,REJECT,0.0,standard_base,0.0,,,,0.0,,
ITW,B,73.6,cup,19.3,cup_handle,72.4,50.1,-3.01,2.81,292.38
JCI,REJECT,0.0,standard_base,0.0,,,,0.0,,
LMT,REJECT,0.0,standard_base,0.0,,,,0.0,,
NDSN,B,73.8,cup,21.6,cup_handle,79.1,59.0,-5.51,2.9,294.75
PH,A,77.1,flat_base,11.2,flat_max_spike_filtered,74.4,59.1,-1.0,3.0,990.47
PNR,REJECT,0.0,standard_base,0.0,,,,0.0,,
ROK,REJECT,0.0,standard_base,0.0,,,,0.0,,
SWK,A,79.7,cup,20.7,cup_handle,90.6,71.6,-5.45,1.71,87.54
TTC,A+,95.4,flat_base,13.1,flat_max_spike_filtered,93.6,72.8,-1.57,3.29,99.21
UNP,REJECT,50.5,cup,17.9,cup_handle,68.2,48.0,-1.14,3.66,260.49
WWD,REJECT,0.0,standard_base,0.0,,,,0.0,,
COP,A,75.2,cup,20.9,cup_handle,78.9,57.1,-3.29,2.47,109.2
CVX,A,77.0,cup,21.1,cup_handle,74.0,51.8,-1.9,3.53,182.57
DVN,B,73.1,cup,17.4,cup_handle,76.5,61.7,-5.1,2.08,43.93
EOG,REJECT,0.0,standard_base,0.0,,,,0.0,,
FANG,REJECT,49.7,cup,21.3,cup_handle,64.7,48.8,-1.99,2.37,169.78
HAL,C,61.7,flat_base,12.3,flat_max_spike_filtered,88.7,78.4,-1.66,2.07,34.12
MPC,REJECT,0.0,standard_base,0.0,,,,0.0,,
OXY,REJECT,0.0,standard_base,0.0,,,,0.0,,
SLB,REJECT,0.0,standard_base,0.0,,,,0.0,,
VLO,REJECT,0.0,standard_base,0.0,,,,0.0,,
APD,REJECT,0.0,standard_base,0.0,,,,0.0,,
CF,REJECT,0.0,standard_base,0.0,,,,0.0,,
DD,REJECT,0.0,standard_base,0.0,,,,0.0,,
ECL,REJECT,0.0,standard_base,0.0,,,,0.0,,
FCX,REJECT,0.0,standard_base,0.0,,,,0.0,,
LIN,REJECT,0.0,standard_base,0.0,,,,0.0,,
LYB,REJECT,0.0,standard_base,0.0,,,,0.0,,
NEM,REJECT,0.0,standard_base,0.0,,,,0.0,,
PPG,REJECT,0.0,standard_base,0.0,,,,0.0,,
SHW,REJECT,0.0,standard_base,0.0,,,,0.0,,
VMC,REJECT,0.0,standard_base,0.0,,,,0.0,,
WLK,REJECT,0.0,standard_base,0.0,,,,0.0,,
AMT,REJECT,0.0,standard_base,0.0,,,,0.0,,
AVB,REJECT,0.0,standard_base,0.0,,,,0.0,,
BXP,REJECT,0.0,standard_base,0.0,,,,0.0,,
CBRE,REJECT,0.0,standard_base,0.0,,,,0.0,,
EQIX,REJECT,0.0,standard_base,0.0,,,,0.0,,
EXPI,REJECT,0.0,standard_base,0.0,,,,0.0,,
PLD,B,75.8,flat_base,11.9,flat_max_spike_filtered,57.2,43.2,-1.44,3.38,138.19
PSA,REJECT,0.0,standard_base,0.0,,,,0.0,,
SPG,REJECT,0.0,standard_base,0.0,,,,0.0,,
WELL,REJECT,0.0,standard_base,0.0,,,,0.0,,
TMUS,REJECT,0.0,standard_base,0.0,,,,0.0,,
AEP,REJECT,47.9,cup,15.9,cup_handle,45.6,36.6,-0.9,3.15,128.57
AWK,REJECT,0.0,standard_base,0.0,,,,0.0,,
DUK,REJECT,0.0,standard_base,0.0,,,,0.0,,
ED,REJECT,0.0,standard_base,0.0,,,,0.0,,
ES,REJECT,0.0,standard_base,0.0,,,,0.0,,
EXC,REJECT,0.0,standard_base,0.0,,,,0.0,,
NEE,REJECT,46.0,cup,18.0,cup_handle,50.1,44.5,-2.08,2.92,92.29
SO,REJECT,0.0,standard_base,0.0,,,,0.0,,
SRE,REJECT,0.0,standard_base,0.0,,,,0.0,,
WEC,REJECT,0.0,standard_base,0.0,,,,0.0,,
XEL,REJECT,0.0,standard_base,0.0,,,,0.0,,
GD,REJECT,0.0,standard_base,0.0,,,,0.0,,
HWM,C,60.0,cup,21.2,cup_handle,81.8,61.4,-1.16,1.93,245.41
NOC,REJECT,0.0,standard_base,0.0,,,,0.0,,
TXT,A,77.2,cup,17.0,cup_handle,74.6,52.3,-2.82,2.67,97.77
BEI.DE,REJECT,0.0,standard_base,0.0,,,,0.0,,
INFY,REJECT,0.0,standard_base,0.0,,,,0.0,,
WIT,REJECT,0.0,standard_base,0.0,,,,0.0,,
KGF.L,REJECT,54.6,cup,19.0,cup_handle,72.3,62.6,-2.31,2.75,354.05
LOGN.SW,REJECT,0.0,standard_base,0.0,,,,0.0,,
ALV.DE,REJECT,0.0,standard_base,0.0,,,,0.0,,
MUV2.DE,REJECT,0.0,standard_base,0.0,,,,0.0,,
ANTO.L,REJECT,0.0,standard_base,0.0,,,,0.0,,
AV.L,REJECT,0.0,standard_base,0.0,,,,0.0,,
BNZL.L,REJECT,0.0,standard_base,0.0,,,,0.0,,
CPG.L,REJECT,0.0,standard_base,0.0,,,,0.0,,
CABK.MC,REJECT,46.5,flat_base,13.7,flat_max_spike_filtered,64.1,50.9,-4.82,2.47,13.04
ZURN.SW,REJECT,0.0,standard_base,0.0,,,,0.0,,
CON.DE,REJECT,0.0,standard_base,0.0,,,,0.0,,
SCA-B.ST,REJECT,0.0,standard_base,0.0,,,,0.0,,
BTG.L,REJECT,0.0,standard_base,0.0,,,,0.0,,
FME.DE,REJECT,0.0,standard_base,0.0,,,,0.0,,
DBV.PA,REJECT,0.0,standard_base,0.0,,,,0.0,,
GN.CO,REJECT,0.0,standard_base,0.0,,,,0.0,,
ALC.SW,REJECT,0.0,standard_base,0.0,,,,0.0,,
GIVN.SW,REJECT,0.0,standard_base,0.0,,,,0.0,,
ABF.L,REJECT,0.0,standard_base,0.0,,,,0.0,,
BRBY.L,REJECT,0.0,standard_base,0.0,,,,0.0,,
JD.L,REJECT,0.0,standard_base,0.0,,,,0.0,,
RCO.PA,REJECT,0.0,standard_base,0.0,,,,0.0,,
HEN3.DE,REJECT,0.0,standard_base,0.0,,,,0.0,,
RWE.DE,B,68.2,flat_base,10.2,flat_max_spike_filtered,56.8,48.0,-5.62,2.47,62.06
IMI.L,B,75.4,flat_base,11.6,flat_max_spike_filtered,67.8,49.4,-1.97,3.37,2850.69
ALFA.ST,REJECT,0.0,standard_base,0.0,,,,0.0,,
BABA,REJECT,0.0,standard_base,0.0,,,,0.0,,
BIDU,REJECT,0.0,standard_base,0.0,,,,0.0,,
JD,REJECT,0.0,standard_base,0.0,,,,0.0,,
NIO,REJECT,0.0,standard_base,0.0,,,,0.0,,
PDD,REJECT,0.0,standard_base,0.0,,,,0.0,,
TME,REJECT,0.0,standard_base,0.0,,,,0.0,,
TSM,C,57.7,cup,22.0,cup_handle,84.9,63.8,-3.25,1.6,356.24
XPEV,REJECT,0.0,standard_base,0.0,,,,0.0,,
CM,B,78.0,flat_base,10.1,flat_max_spike_filtered,66.2,46.4,-1.19,3.97,97.86
CNR.TO,REJECT,0.0,standard_base,0.0,,,,0.0,,
CP.TO,REJECT,0.0,standard_base,0.0,,,,0.0,,
ENB,REJECT,0.0,standard_base,0.0,,,,0.0,,
SU,REJECT,0.0,standard_base,0.0,,,,0.0,,
TRP,B,73.4,cup,17.6,cup_handle,59.8,44.8,-1.58,3.18,61.93
WCN,REJECT,0.0,standard_base,0.0,,,,0.0,,
BHP,REJECT,0.0,standard_base,0.0,,,,0.0,,
RIO,A+,87.0,cup,20.3,cup_handle,90.1,72.9,-2.9,2.09,95.53
WES,C,61.6,flat_base,12.6,flat_max_spike_filtered,42.5,34.3,-7.98,2.46,42.92
ABNB,REJECT,0.0,standard_base,0.0,,,,0.0,,
AFRM,REJECT,0.0,standard_base,0.0,,,,0.0,,
HOOD,REJECT,0.0,standard_base,0.0,,,,0.0,,
RBLX,REJECT,0.0,standard_base,0.0,,,,0.0,,
SOFI,REJECT,0.0,standard_base,0.0,,,,0.0,,
UPST,REJECT,0.0,standard_base,0.0,,,,0.0,,
AFL,REJECT,0.0,standard_base,0.0,,,,0.0,,
ATO,REJECT,0.0,standard_base,0.0,,,,0.0,,
BRO,REJECT,0.0,standard_base,0.0,,,,0.0,,
CBSH,REJECT,0.0,standard_base,0.0,,,,0.0,,
CBU,REJECT,37.6,flat_base,11.7,flat_max_spike_filtered,58.5,42.9,-6.76,2.53,64.83
CHD,REJECT,0.0,standard_base,0.0,,,,0.0,,
CTAS,REJECT,0.0,standard_base,0.0,,,,0.0,,
ESS,REJECT,0.0,standard_base,0.0,,,,0.0,,
EXPD,REJECT,0.0,standard_base,0.0,,,,0.0,,
FRT,REJECT,0.0,standard_base,0.0,,,,0.0,,
GPC,REJECT,0.0,standard_base,0.0,,,,0.0,,
LEG,REJECT,0.0,standard_base,0.0,,,,0.0,,
MKC,REJECT,0.0,standard_base,0.0,,,,0.0,,
NUE,B,71.7,cup,18.0,cup_handle,71.0,60.7,-8.59,2.22,186.78
NWL,REJECT,0.0,standard_base,0.0,,,,0.0,,
O,REJECT,0.0,standard_base,0.0,,,,0.0,,
ROP,REJECT,0.0,standard_base,0.0,,,,0.0,,
SON,REJECT,0.0,standard_base,0.0,,,,0.0,,
VFC,REJECT,0.0,standard_base,0.0,,,,0.0,,
WST,REJECT,0.0,standard_base,0.0,,,,0.0,,
XLE,A,77.5,cup,21.3,cup_handle,75.8,54.5,-1.67,3.16,54.16
XLF,REJECT,0.0,standard_base,0.0,,,,0.0,,
XLI,REJECT,0.0,standard_base,0.0,,,,0.0,,
XLV,REJECT,0.0,standard_base,0.0,,,,0.0,,
XLK,REJECT,0.0,standard_base,0.0,,,,0.0,,
XLP,REJECT,0.0,standard_base,0.0,,,,0.0,,
XLY,REJECT,0.0,standard_base,0.0,,,,0.0,,
XLB,A,77.8,flat_base,12.2,flat_max_spike_filtered,77.1,53.3,-2.37,3.34,52.52
XLRE,REJECT,0.0,standard_base,0.0,,,,0.0,,
XLU,REJECT,0.0,standard_base,0.0,,,,0.0,,
XLC,REJECT,0.0,standard_base,0.0,,,,0.0,,
SONY,REJECT,0.0,standard_base,0.0,,,,0.0,,
TM,B,74.3,flat_base,12.6,flat_max_spike_filtered,75.1,54.8,-4.44,3.07,240.79
HMC,REJECT,0.0,standard_base,0.0,,,,0.0,,
MUFG,A,77.1,cup,21.8,cup_handle,80.5,59.1,-5.41,2.8,19.43
SMFG,A+,85.3,cup,20.7,cup_handle,89.2,74.8,-5.05,2.65,23.42
LPL,REJECT,0.0,standard_base,0.0,,,,0.0,,
UMC,REJECT,0.0,standard_base,0.0,,,,0.0,,
SSE.L,C,61.4,cup,19.9,cup_handle,69.7,65.0,-3.26,2.47,2559.21
CNQ,REJECT,0.0,standard_base,0.0,,,,0.0,,
BRK-B,REJECT,0.0,standard_base,0.0,,,,0.0,,
BRK-A,REJECT,0.0,standard_base,0.0,,,,0.0,,
A,REJECT,0.0,standard_base,0.0,,,,0.0,,
AA,A,83.0,cup,21.9,cup_handle,97.1,98.5,-6.13,1.18,58.36
AAL,REJECT,0.0,standard_base,0.0,,,,0.0,,
AAON,REJECT,0.0,standard_base,0.0,,,,0.0,,
ACGL,REJECT,0.0,standard_base,0.0,,,,0.0,,
ACI,REJECT,0.0,standard_base,0.0,,,,0.0,,
ACM,REJECT,0.0,standard_base,0.0,,,,0.0,,
ACN,REJECT,0.0,standard_base,0.0,,,,0.0,,
ADC,REJECT,0.0,standard_base,0.0,,,,0.0,,
ADI,REJECT,0.0,standard_base,0.0,,,,0.0,,
ADM,B,74.2,flat_base,13.1,flat_max_spike_filtered,62.9,45.0,-2.65,2.31,66.55
ADP,REJECT,0.0,standard_base,0.0,,,,0.0,,
AEE,REJECT,0.0,standard_base,0.0,,,,0.0,,
AES,REJECT,51.4,cup,21.3,cup_handle,71.6,55.5,-2.77,2.24,16.03
AFG,REJECT,0.0,standard_base,0.0,,,,0.0,,
AGCO,REJECT,0.0,standard_base,0.0,,,,0.0,,
AIG,REJECT,0.0,standard_base,0.0,,,,0.0,,
AIT,REJECT,0.0,standard_base,0.0,,,,0.0,,
AIZ,REJECT,0.0,standard_base,0.0,,,,0.0,,
AJG,REJECT,0.0,standard_base,0.0,,,,0.0,,
AKAM,REJECT,0.0,standard_base,0.0,,,,0.0,,
ALB,REJECT,0.0,standard_base,0.0,,,,0.0,,
ALGM,REJECT,0.0,standard_base,0.0,,,,0.0,,
ALK,REJECT,0.0,standard_base,0.0,,,,0.0,,
ALL,REJECT,0.0,standard_base,0.0,,,,0.0,,
ALLE,REJECT,0.0,standard_base,0.0,,,,0.0,,
ALV,REJECT,0.0,standard_base,0.0,,,,0.0,,
AM,REJECT,0.0,standard_base,0.0,,,,0.0,,
AMCR,REJECT,0.0,standard_base,0.0,,,,0.0,,
AME,B,73.3,flat_base,12.9,flat_max_spike_filtered,71.2,52.7,-3.61,2.98,231.9
AMG,REJECT,0.0,standard_base,0.0,,,,0.0,,
AMH,REJECT,0.0,standard_base,0.0,,,,0.0,,
AMKR,REJECT,0.0,standard_base,0.0,,,,0.0,,
AMP,REJECT,0.0,standard_base,0.0,,,,0.0,,
AN,REJECT,0.0,standard_base,0.0,,,,0.0,,
ANF,REJECT,0.0,standard_base,0.0,,,,0.0,,
AON,REJECT,0.0,standard_base,0.0,,,,0.0,,
APA,REJECT,0.0,standard_base,0.0,,,,0.0,,
APG,B,75.2,flat_base,12.4,flat_max_spike_filtered,67.0,52.3,-4.47,2.38,44.17
APH,REJECT,0.0,standard_base,0.0,,,,0.0,,
APO,REJECT,0.0,standard_base,0.0,,,,0.0,,
APPF,REJECT,0.0,standard_base,0.0,,,,0.0,,
APTV,REJECT,0.0,standard_base,0.0,,,,0.0,,
AR,REJECT,0.0,standard_base,0.0,,,,0.0,,
ARE,REJECT,0.0,standard_base,0.0,,,,0.0,,
ARES,REJECT,0.0,standard_base,0.0,,,,0.0,,
ARMK,REJECT,0.0,standard_base,0.0,,,,0.0,,
ARW,REJECT,0.0,standard_base,0.0,,,,0.0,,
ASB,REJECT,0.0,standard_base,0.0,,,,0.0,,
ASGN,REJECT,0.0,standard_base,0.0,,,,0.0,,
ASH,A,84.1,flat_base,11.9,flat_max_spike_filtered,84.4,62.4,-3.48,1.78,61.97
ATI,REJECT,0.0,standard_base,0.0,,,,0.0,,
ATR,REJECT,0.0,standard_base,0.0,,,,0.0,,
AVAV,REJECT,0.0,standard_base,0.0,,,,0.0,,
AVNT,REJECT,0.0,standard_base,0.0,,,,0.0,,
AVT,REJECT,0.0,standard_base,0.0,,,,0.0,,
AVTR,REJECT,0.0,standard_base,0.0,,,,0.0,,
AVY,REJECT,0.0,standard_base,0.0,,,,0.0,,
AXON,REJECT,0.0,standard_base,0.0,,,,0.0,,
AXTA,REJECT,0.0,standard_base,0.0,,,,0.0,,
AYI,REJECT,0.0,standard_base,0.0,,,,0.0,,
AZO,REJECT,0.0,standard_base,0.0,,,,0.0,,
BAH,REJECT,0.0,standard_base,0.0,,,,0.0,,
BALL,REJECT,0.0,standard_base,0.0,,,,0.0,,
BBWI,REJECT,0.0,standard_base,0.0,,,,0.0,,
BC,A,76.5,flat_base,13.4,flat_max_spike_filtered,89.9,72.5,-7.51,1.76,85.13
BCO,B,70.8,flat_base,9.1,flat_max_spike_filtered,61.3,44.3,-4.73,2.63,128.53
BDC,REJECT,0.0,standard_base,0.0,,,,0.0,,
BF-B,REJECT,0.0,standard_base,0.0,,,,0.0,,
BG,REJECT,0.0,standard_base,0.0,,,,0.0,,
BHF,REJECT,0.0,standard_base,0.0,,,,0.0,,
BILL,REJECT,0.0,standard_base,0.0,,,,0.0,,
BIO,REJECT,0.0,standard_base,0.0,,,,0.0,,
BJ,REJECT,0.0,standard_base,0.0,,,,0.0,,
BKH,REJECT,45.8,flat_base,7.8,flat_max_spike_filtered,37.3,32.6,-2.65,2.88,72.54
BKR,REJECT,0.0,standard_base,0.0,,,,0.0,,
BLD,REJECT,0.0,standard_base,0.0,,,,0.0,,
BLDR,REJECT,0.0,standard_base,0.0,,,,0.0,,
BLKB,REJECT,0.0,standard_base,0.0,,,,0.0,,
BR,REJECT,0.0,standard_base,0.0,,,,0.0,,
BRBR,REJECT,0.0,standard_base,0.0,,,,0.0,,
BRKR,REJECT,0.0,standard_base,0.0,,,,0.0,,
BRX,REJECT,0.0,standard_base,0.0,,,,0.0,,
BSY,REJECT,0.0,standard_base,0.0,,,,0.0,,
BURL,B,66.9,flat_base,13.7,flat_max_spike_filtered,45.4,41.8,-6.84,1.85,314.29
BWA,REJECT,0.0,standard_base,0.0,,,,0.0,,
BWXT,B,74.8,cup,21.7,cup_handle,53.3,43.9,-6.77,1.42,197.75
BX,REJECT,0.0,standard_base,0.0,,,,0.0,,
BYD,REJECT,0.0,standard_base,0.0,,,,0.0,,
CACI,REJECT,0.0,standard_base,0.0,,,,0.0,,
CADE,REJECT,0.0,standard_base,0.0,,,,0.0,,
CAG,REJECT,0.0,standard_base,0.0,,,,0.0,,
CAH,REJECT,52.1,flat_base,13.4,flat_max_spike_filtered,44.3,48.3,-2.08,2.24,220.51
CAR,REJECT,0.0,standard_base,0.0,,,,0.0,,
CARR,REJECT,0.0,standard_base,0.0,,,,0.0,,
CART,REJECT,0.0,standard_base,0.0,,,,0.0,,
CASY,A,76.1,flat_base,13.4,flat_max_spike_filtered,70.3,53.4,-1.45,2.79,654.36
CAVA,REJECT,0.0,standard_base,0.0,,,,0.0,,
CB,REJECT,0.0,standard_base,0.0,,,,0.0,,
CBT,REJECT,0.0,standard_base,0.0,,,,0.0,,
CCI,REJECT,0.0,standard_base,0.0,,,,0.0,,
CCK,REJECT,0.0,standard_base,0.0,,,,0.0,,
CCL,REJECT,0.0,standard_base,0.0,,,,0.0,,
CDP,REJECT,0.0,standard_base,0.0,,,,0.0,,
CDW,REJECT,0.0,standard_base,0.0,,,,0.0,,
CEG,REJECT,0.0,standard_base,0.0,,,,0.0,,
CELH,REJECT,0.0,standard_base,0.0,,,,0.0,,
CFR,REJECT,39.2,flat_base,10.8,flat_max_spike_filtered,65.0,45.6,-5.17,2.57,143.18
CG,REJECT,0.0,standard_base,0.0,,,,0.0,,
CGNX,REJECT,0.0,standard_base,0.0,,,,0.0,,
CHDN,REJECT,0.0,standard_base,0.0,,,,0.0,,
CHE,REJECT,0.0,standard_base,0.0,,,,0.0,,
CHH,REJECT,0.0,standard_base,0.0,,,,0.0,,
CHRD,REJECT,0.0,standard_base,0.0,,,,0.0,,
CHTR,REJECT,0.0,standard_base,0.0,,,,0.0,,
CHWY,REJECT,0.0,standard_base,0.0,,,,0.0,,
CIEN,REJECT,0.0,standard_base,0.0,,,,0.0,,
CINF,REJECT,0.0,standard_base,0.0,,,,0.0,,
CIVI,REJECT,0.0,standard_base,0.0,,,,0.0,,
CLF,REJECT,0.0,standard_base,0.0,,,,0.0,,
CLH,A,84.4,cup,19.2,cup_handle,85.5,64.5,-3.12,2.31,276.33
CMA,REJECT,43.9,flat_base,13.0,flat_max_spike_filtered,59.5,54.7,-7.3,2.31,91.51
CMC,B,75.0,cup,18.9,cup_handle,84.0,72.4,-10.59,2.06,80.53
CMS,REJECT,0.0,standard_base,0.0,,,,0.0,,
CNH,REJECT,0.0,standard_base,0.0,,,,0.0,,
CNM,REJECT,0.0,standard_base,0.0,,,,0.0,,
CNO,REJECT,0.0,standard_base,0.0,,,,0.0,,
CNP,REJECT,0.0,standard_base,0.0,,,,0.0,,
CNX,REJECT,31.4,cup,19.7,cup_handle,33.7,40.2,-7.41,1.86,39.03
CNXC,REJECT,0.0,standard_base,0.0,,,,0.0,,
COHR,REJECT,0.0,standard_base,0.0,,,,0.0,,
COKE,REJECT,0.0,standard_base,0.0,,,,0.0,,
COLB,REJECT,51.6,cup,15.8,cup_handle,60.2,49.6,-6.55,2.06,30.65
COLM,REJECT,0.0,standard_base,0.0,,,,0.0,,
COO,B,74.7,flat_base,6.9,flat_max_spike_filtered,58.7,42.3,-2.85,2.6,81.36
COR,REJECT,0.0,standard_base,0.0,,,,0.0,,
COTY,REJECT,0.0,standard_base,0.0,,,,0.0,,
CPAY,REJECT,0.0,standard_base,0.0,,,,0.0,,
CPB,REJECT,0.0,standard_base,0.0,,,,0.0,,
CPRI,REJECT,0.0,standard_base,0.0,,,,0.0,,
CPRT,REJECT,0.0,standard_base,0.0,,,,0.0,,
CPT,REJECT,0.0,standard_base,0.0,,,,0.0,,
CR,REJECT,0.0,standard_base,0.0,,,,0.0,,
CRBG,REJECT,0.0,standard_base,0.0,,,,0.0,,
CRH,REJECT,0.0,standard_base,0.0,,,,0.0,,
CRL,REJECT,0.0,standard_base,0.0,,,,0.0,,
CROX,REJECT,0.0,standard_base,0.0,,,,0.0,,
CRS,REJECT,0.0,standard_base,0.0,,,,0.0,,
CRUS,REJECT,52.8,cup,21.1,cup_handle,77.1,55.4,-2.69,1.48,136.81
CSGP,REJECT,0.0,standard_base,0.0,,,,0.0,,
CSL,REJECT,0.0,standard_base,0.0,,,,0.0,,
CTRA,REJECT,0.0,standard_base,0.0,,,,0.0,,
CTVA,REJECT,0.0,standard_base,0.0,,,,0.0,,
CUBE,REJECT,0.0,standard_base,0.0,,,,0.0,,
CUZ,REJECT,0.0,standard_base,0.0,,,,0.0,,
CVLT,REJECT,0.0,standard_base,0.0,,,,0.0,,
CVNA,REJECT,0.0,standard_base,0.0,,,,0.0,,
CW,REJECT,0.0,standard_base,0.0,,,,0.0,,
CXT,REJECT,0.0,standard_base,0.0,,,,0.0,,
CYTK,REJECT,0.0,standard_base,0.0,,,,0.0,,
D,REJECT,0.0,standard_base,0.0,,,,0.0,,
DAL,REJECT,0.0,standard_base,0.0,,,,0.0,,
DAR,REJECT,0.0,standard_base,0.0,,,,0.0,,
DASH,REJECT,0.0,standard_base,0.0,,,,0.0,,
DAY,REJECT,0.0,standard_base,0.0,,,,0.0,,
DBX,REJECT,0.0,standard_base,0.0,,,,0.0,,
DCI,B,73.4,cup,21.8,cup_handle,77.5,60.2,-5.56,3.52,109.63
DECK,REJECT,0.0,standard_base,0.0,,,,0.0,,
DG,B,70.7,flat_base,9.7,flat_max_spike_filtered,94.6,79.1,-1.52,2.14,147.76
DGX,REJECT,0.0,standard_base,0.0,,,,0.0,,
DINO,REJECT,0.0,standard_base,0.0,,,,0.0,,
DLB,REJECT,0.0,standard_base,0.0,,,,0.0,,
DLR,REJECT,0.0,standard_base,0.0,,,,0.0,,
DLTR,A,78.0,cup,18.5,cup_handle,84.1,76.1,-6.12,1.92,131.68
DOC,REJECT,0.0,standard_base,0.0,,,,0.0,,
DOCS,REJECT,0.0,standard_base,0.0,,,,0.0,,
DOW,REJECT,0.0,standard_base,0.0,,,,0.0,,
DPZ,REJECT,0.0,standard_base,0.0,,,,0.0,,
DT,REJECT,0.0,standard_base,0.0,,,,0.0,,
DTE,REJECT,0.0,standard_base,0.0,,,,0.0,,
DTM,REJECT,52.7,cup,17.1,cup_handle,64.7,51.9,-0.63,2.75,133.04
DUOL,REJECT,0.0,standard_base,0.0,,,,0.0,,
DVA,REJECT,0.0,standard_base,0.0,,,,0.0,,
DXCM,REJECT,0.0,standard_base,0.0,,,,0.0,,
DY,REJECT,0.0,standard_base,0.0,,,,0.0,,
EA,REJECT,0.0,standard_base,0.0,,,,0.0,,
EEFT,REJECT,0.0,standard_base,0.0,,,,0.0,,
EFX,REJECT,0.0,standard_base,0.0,,,,0.0,,
EG,REJECT,0.0,standard_base,0.0,,,,0.0,,
EGP,REJECT,0.0,standard_base,0.0,,,,0.0,,
EHC,REJECT,0.0,standard_base,0.0,,,,0.0,,
EIX,REJECT,0.0,standard_base,0.0,,,,0.0,,
ELAN,REJECT,46.4,flat_base,11.3,flat_max_spike_filtered,57.7,45.9,-5.85,2.17,24.78
ELF,REJECT,0.0,standard_base,0.0,,,,0.0,,
ELS,REJECT,0.0,standard_base,0.0,,,,0.0,,
ELV,REJECT,0.0,standard_base,0.0,,,,0.0,,
EME,REJECT,0.0,standard_base,0.0,,,,0.0,,
ENS,REJECT,0.0,standard_base,0.0,,,,0.0,,
ENSG,REJECT,0.0,standard_base,0.0,,,,0.0,,
ENTG,REJECT,0.0,standard_base,0.0,,,,0.0,,
EPAM,REJECT,0.0,standard_base,0.0,,,,0.0,,
EPR,REJECT,0.0,standard_base,0.0,,,,0.0,,
EQH,REJECT,0.0,standard_base,0.0,,,,0.0,,
EQR,REJECT,0.0,standard_base,0.0,,,,0.0,,
EQT,REJECT,0.0,standard_base,0.0,,,,0.0,,
ERIE,REJECT,0.0,standard_base,0.0,,,,0.0,,
ESAB,REJECT,0.0,standard_base,0.0,,,,0.0,,
ESNT,REJECT,0.0,standard_base,0.0,,,,0.0,,
ETR,REJECT,46.4,cup,15.4,cup_handle,51.5,38.3,-2.46,3.13,103.3
EVR,REJECT,0.0,standard_base,0.0,,,,0.0,,
EVRG,REJECT,0.0,standard_base,0.0,,,,0.0,,
EWBC,REJECT,37.5,flat_base,11.2,flat_max_spike_filtered,58.1,46.7,-6.52,2.05,117.77
EXE,REJECT,0.0,standard_base,0.0,,,,0.0,,
EXEL,REJECT,0.0,standard_base,0.0,,,,0.0,,
EXLS,REJECT,0.0,standard_base,0.0,,,,0.0,,
EXP,REJECT,0.0,standard_base,0.0,,,,0.0,,
EXPE,REJECT,0.0,standard_base,0.0,,,,0.0,,
EXPO,REJECT,0.0,standard_base,0.0,,,,0.0,,
EXR,REJECT,0.0,standard_base,0.0,,,,0.0,,
F,REJECT,36.7,flat_base,8.7,flat_max_spike_filtered,48.8,39.1,-4.32,2.88,13.76
FAF,REJECT,0.0,standard_base,0.0,,,,0.0,,
FBIN,REJECT,0.0,standard_base,0.0,,,,0.0,,
FCFS,B,73.3,flat_base,13.6,flat_max_spike_filtered,71.2,50.1,-4.39,2.19,179.72
FCN,REJECT,0.0,standard_base,0.0,,,,0.0,,
FDX,REJECT,0.0,standard_base,0.0,,,,0.0,,
FE,REJECT,0.0,standard_base,0.0,,,,0.0,,
FFIN,REJECT,0.0,standard_base,0.0,,,,0.0,,
FFIV,REJECT,0.0,standard_base,0.0,,,,0.0,,
FHI,REJECT,0.0,standard_base,0.0,,,,0.0,,
FHN,REJECT,0.0,standard_base,0.0,,,,0.0,,
FICO,REJECT,0.0,standard_base,0.0,,,,0.0,,
FIVE,A+,87.5,cup,18.3,cup_handle,92.1,77.6,-3.14,1.72,211.71
FIX,REJECT,0.0,standard_base,0.0,,,,0.0,,
FLEX,REJECT,0.0,standard_base,0.0,,,,0.0,,
FLG,REJECT,40.7,flat_base,13.5,flat_max_spike_filtered,70.7,54.2,-8.56,1.73,13.7
FLO,REJECT,0.0,standard_base,0.0,,,,0.0,,
FLR,REJECT,0.0,standard_base,0.0,,,,0.0,,
FLS,REJECT,0.0,standard_base,0.0,,,,0.0,,
FN,REJECT,0.0,standard_base,0.0,,,,0.0,,
FNB,REJECT,0.0,standard_base,0.0,,,,0.0,,
FND,REJECT,0.0,standard_base,0.0,,,,0.0,,
FNF,REJECT,0.0,standard_base,0.0,,,,0.0,,
FOUR,REJECT,0.0,standard_base,0.0,,,,0.0,,
FOX,REJECT,0.0,standard_base,0.0,,,,0.0,,
FOXA,REJECT,0.0,standard_base,0.0,,,,0.0,,
FR,B,71.6,flat_base,9.0,flat_max_spike_filtered,52.4,38.7,-0.78,3.05,60.29
FSLR,REJECT,0.0,standard_base,0.0,,,,0.0,,
FTI,REJECT,0.0,standard_base,0.0,,,,0.0,,
FTV,REJECT,0.0,standard_base,0.0,,,,0.0,,
G,REJECT,0.0,standard_base,0.0,,,,0.0,,
GAP,REJECT,0.0,standard_base,0.0,,,,0.0,,
GATX,A,78.6,flat_base,12.8,flat_max_spike_filtered,80.5,56.7,-1.02,2.84,191.99
GBCI,REJECT,0.0,standard_base,0.0,,,,0.0,,
GDDY,REJECT,0.0,standard_base,0.0,,,,0.0,,
GEF,B,75.7,flat_base,11.1,flat_max_spike_filtered,68.9,54.2,-4.84,2.62,74.2
GEHC,REJECT,40.4,flat_base,13.4,flat_max_spike_filtered,51.6,39.0,-4.18,2.08,83.39
GEN,REJECT,0.0,standard_base,0.0,,,,0.0,,
GEV,A+,90.8,cup,22.5,cup_handle,93.0,76.4,-2.73,1.56,791.67
GGG,REJECT,0.0,standard_base,0.0,,,,0.0,,
GHC,REJECT,0.0,standard_base,0.0,,,,0.0,,
GL,REJECT,0.0,standard_base,0.0,,,,0.0,,
GLPI,REJECT,0.0,standard_base,0.0,,,,0.0,,
GLW,REJECT,0.0,standard_base,0.0,,,,0.0,,
GM,REJECT,0.0,standard_base,0.0,,,,0.0,,
GME,REJECT,0.0,standard_base,0.0,,,,0.0,,
GMED,C,60.5,flat_base,10.5,flat_max_spike_filtered,54.1,62.1,-2.88,2.5,92.21
GNTX,REJECT,0.0,standard_base,0.0,,,,0.0,,
GPK,REJECT,0.0,standard_base,0.0,,,,0.0,,
GPN,REJECT,0.0,standard_base,0.0,,,,0.0,,
GRMN,REJECT,0.0,standard_base,0.0,,,,0.0,,
GT,REJECT,0.0,standard_base,0.0,,,,0.0,,
GTLS,REJECT,0.0,standard_base,0.0,,,,0.0,,
GTM,REJECT,0.0,standard_base,0.0,,,,0.0,,
GWRE,REJECT,0.0,standard_base,0.0,,,,0.0,,
GWW,REJECT,0.0,standard_base,0.0,,,,0.0,,
GXO,REJECT,0.0,standard_base,0.0,,,,0.0,,
H,REJECT,0.0,standard_base,0.0,,,,0.0,,
HAE,REJECT,0.0,standard_base,0.0,,,,0.0,,
HAS,REJECT,0.0,standard_base,0.0,,,,0.0,,
HGV,REJECT,44.5,flat_base,11.5,flat_max_spike_filtered,79.9,57.2,-4.53,1.81,46.71
HIG,REJECT,0.0,standard_base,0.0,,,,0.0,,
HII,REJECT,0.0,standard_base,0.0,,,,0.0,,
HIMS,REJECT,0.0,standard_base,0.0,,,,0.0,,
HL,REJECT,0.0,standard_base,0.0,,,,0.0,,
HLI,REJECT,0.0,standard_base,0.0,,,,0.0,,
HLNE,REJECT,0.0,standard_base,0.0,,,,0.0,,
HLT,C,64.9,flat_base,14.6,flat_max_spike_filtered,61.8,46.8,-4.76,2.78,313.38
HOG,REJECT,0.0,standard_base,0.0,,,,0.0,,
HOMB,REJECT,0.0,standard_base,0.0,,,,0.0,,
HQY,REJECT,0.0,standard_base,0.0,,,,0.0,,
HR,REJECT,0.0,standard_base,0.0,,,,0.0,,
HRB,REJECT,0.0,standard_base,0.0,,,,0.0,,
HSIC,REJECT,0.0,standard_base,0.0,,,,0.0,,
HST,B,73.9,cup,16.0,cup_handle,67.7,52.4,-5.64,2.31,20.09
HSY,REJECT,0.0,standard_base,0.0,,,,0.0,,
HUBB,A,75.3,flat_base,13.4,flat_max_spike_filtered,79.3,56.0,-3.31,2.56,512.94
HWC,REJECT,0.0,standard_base,0.0,,,,0.0,,
HXL,A,84.7,cup,21.0,cup_handle,80.6,68.0,-2.95,2.38,89.22
IBKR,C,63.6,flat_base,12.8,flat_max_spike_filtered,62.2,48.4,-8.86,1.52,73.96
IBOC,REJECT,0.0,standard_base,0.0,,,,0.0,,
IDA,REJECT,0.0,standard_base,0.0,,,,0.0,,
IDXX,REJECT,0.0,standard_base,0.0,,,,0.0,,
IEX,REJECT,0.0,standard_base,0.0,,,,0.0,,
IFF,REJECT,0.0,standard_base,0.0,,,,0.0,,
INGR,REJECT,0.0,standard_base,0.0,,,,0.0,,
INVH,REJECT,0.0,standard_base,0.0,,,,0.0,,
IP,REJECT,0.0,standard_base,0.0,,,,0.0,,
IPGP,REJECT,0.0,standard_base,0.0,,,,0.0,,
IQV,REJECT,0.0,standard_base,0.0,,,,0.0,,
IRM,REJECT,0.0,standard_base,0.0,,,,0.0,,
IRT,REJECT,0.0,standard_base,0.0,,,,0.0,,
IT,REJECT,0.0,standard_base,0.0,,,,0.0,,
ITT,REJECT,0.0,standard_base,0.0,,,,0.0,,
J,REJECT,0.0,standard_base,0.0,,,,0.0,,
JAZZ,REJECT,0.0,standard_base,0.0,,,,0.0,,
JBHT,A+,86.9,cup,17.7,cup_handle,89.6,85.5,-4.63,2.06,223.01
JBL,REJECT,0.0,standard_base,0.0,,,,0.0,,
JEF,REJECT,0.0,standard_base,0.0,,,,0.0,,
JHG,REJECT,0.0,standard_base,0.0,,,,0.0,,
JKHY,REJECT,0.0,standard_base,0.0,,,,0.0,,
JLL,REJECT,0.0,standard_base,0.0,,,,0.0,,
KBR,REJECT,0.0,standard_base,0.0,,,,0.0,,
KD,REJECT,0.0,standard_base,0.0,,,,0.0,,
KDP,REJECT,0.0,standard_base,0.0,,,,0.0,,
KEX,REJECT,0.0,standard_base,0.0,,,,0.0,,
KEYS,A+,94.7,cup,18.1,cup_handle,91.0,73.6,-1.67,2.05,235.89
KHC,REJECT,0.0,standard_base,0.0,,,,0.0,,
KIM,REJECT,0.0,standard_base,0.0,,,,0.0,,
KKR,REJECT,0.0,standard_base,0.0,,,,0.0,,
KMI,A,80.0,cup,20.8,cup_handle,73.8,52.9,-1.52,3.46,32.28
KMPR,REJECT,0.0,standard_base,0.0,,,,0.0,,
KNF,REJECT,0.0,standard_base,0.0,,,,0.0,,
KNSL,REJECT,0.0,standard_base,0.0,,,,0.0,,
KNX,REJECT,51.7,flat_base,12.9,flat_max_spike_filtered,90.9,71.6,-5.04,1.91,59.35
KR,REJECT,0.0,standard_base,0.0,,,,0.0,,
KRC,REJECT,0.0,standard_base,0.0,,,,0.0,,
KRG,B,75.2,flat_base,14.0,flat_max_spike_filtered,66.7,46.0,-0.61,3.16,25.42
KTOS,REJECT,0.0,standard_base,0.0,,,,0.0,,
KVUE,REJECT,0.0,standard_base,0.0,,,,0.0,,
L,REJECT,0.0,standard_base,0.0,,,,0.0,,
LAD,REJECT,0.0,standard_base,0.0,,,,0.0,,
LAMR,REJECT,0.0,standard_base,0.0,,,,0.0,,
LDOS,REJECT,0.0,standard_base,0.0,,,,0.0,,
LEA,A,83.1,cup,20.0,cup_handle,86.3,68.0,-5.1,1.93,133.14
LECO,REJECT,0.0,standard_base,0.0,,,,0.0,,
LFUS,REJECT,0.0,standard_base,0.0,,,,0.0,,
LH,REJECT,0.0,standard_base,0.0,,,,0.0,,
LHX,A,77.5,flat_base,11.5,flat_max_spike_filtered,76.1,55.9,-2.04,2.65,348.75
LII,REJECT,0.0,standard_base,0.0,,,,0.0,,
LITE,REJECT,0.0,standard_base,0.0,,,,0.0,,
LIVN,A,78.3,flat_base,12.8,flat_max_spike_filtered,79.2,60.6,-2.08,2.09,65.99
LNT,REJECT,0.0,standard_base,0.0,,,,0.0,,
LNTH,REJECT,0.0,standard_base,0.0,,,,0.0,,
LOPE,REJECT,0.0,standard_base,0.0,,,,0.0,,
LPX,REJECT,0.0,standard_base,0.0,,,,0.0,,
LSCC,C,58.6,standard_base,27.2,flat_max_spike_filtered,94.4,86.5,-10.06,1.23,99.31
LSTR,REJECT,0.0,standard_base,0.0,,,,0.0,,
LULU,REJECT,0.0,standard_base,0.0,,,,0.0,,
LUV,REJECT,0.0,standard_base,0.0,,,,0.0,,
LVS,REJECT,0.0,standard_base,0.0,,,,0.0,,
LW,REJECT,0.0,standard_base,0.0,,,,0.0,,
LYV,REJECT,0.0,standard_base,0.0,,,,0.0,,
M,REJECT,0.0,standard_base,0.0,,,,0.0,,
MAA,REJECT,0.0,standard_base,0.0,,,,0.0,,
MANH,REJECT,0.0,standard_base,0.0,,,,0.0,,
MAR,B,74.1,cup,16.7,cup_handle,68.2,56.3,-8.11,2.28,353.77
MAS,B,69.7,cup,20.4,cup_handle,75.0,55.4,-5.14,1.93,74.37
MASI,REJECT,0.0,standard_base,0.0,,,,0.0,,
MAT,REJECT,0.0,standard_base,0.0,,,,0.0,,
MCK,REJECT,46.2,cup,18.7,cup_handle,51.0,47.4,-1.8,2.58,931.0
MCO,REJECT,0.0,standard_base,0.0,,,,0.0,,
MEDP,REJECT,0.0,standard_base,0.0,,,,0.0,,
MET,REJECT,0.0,standard_base,0.0,,,,0.0,,
MGM,REJECT,0.0,standard_base,0.0,,,,0.0,,
MIDD,REJECT,0.0,standard_base,0.0,,,,0.0,,
MKSI,REJECT,0.0,standard_base,0.0,,,,0.0,,
MLI,REJECT,0.0,standard_base,0.0,,,,0.0,,
MLM,REJECT,0.0,standard_base,0.0,,,,0.0,,
MMS,REJECT,0.0,standard_base,0.0,,,,0.0,,
MNST,B,73.9,flat_base,10.2,flat_max_spike_filtered,61.7,45.3,-0.28,3.6,82.52
MO,REJECT,0.0,standard_base,0.0,,,,0.0,,
MORN,REJECT,0.0,standard_base,0.0,,,,0.0,,
MOS,REJECT,0.0,standard_base,0.0,,,,0.0,,
MP,REJECT,0.0,standard_base,0.0,,,,0.0,,
MRSH,REJECT,0.0,standard_base,0.0,,,,0.0,,
MSA,REJECT,0.0,standard_base,0.0,,,,0.0,,
MSCI,REJECT,0.0,standard_base,0.0,,,,0.0,,
MSI,REJECT,0.0,standard_base,0.0,,,,0.0,,
MSM,REJECT,0.0,standard_base,0.0,,,,0.0,,
MTCH,REJECT,0.0,standard_base,0.0,,,,0.0,,
MTD,REJECT,0.0,standard_base,0.0,,,,0.0,,
MTDR,REJECT,0.0,standard_base,0.0,,,,0.0,,
MTG,REJECT,0.0,standard_base,0.0,,,,0.0,,
MTN,REJECT,0.0,standard_base,0.0,,,,0.0,,
MTSI,REJECT,0.0,standard_base,0.0,,,,0.0,,
MTZ,REJECT,0.0,standard_base,0.0,,,,0.0,,
MU,REJECT,0.0,standard_base,0.0,,,,0.0,,
MUR,REJECT,42.6,cup,18.4,cup_handle,48.6,49.0,-4.34,1.5,32.28
MUSA,REJECT,0.0,standard_base,0.0,,,,0.0,,
MZTI,REJECT,0.0,standard_base,0.0,,,,0.0,,
NCLH,REJECT,0.0,standard_base,0.0,,,,0.0,,
NEU,REJECT,0.0,standard_base,0.0,,,,0.0,,
NFG,REJECT,0.0,standard_base,0.0,,,,0.0,,
NI,REJECT,0.0,standard_base,0.0,,,,0.0,,
NJR,REJECT,0.0,standard_base,0.0,,,,0.0,,
NLY,REJECT,0.0,standard_base,0.0,,,,0.0,,
NNN,REJECT,0.0,standard_base,0.0,,,,0.0,,
NOV,REJECT,0.0,standard_base,0.0,,,,0.0,,
NOVT,REJECT,0.0,standard_base,0.0,,,,0.0,,
NRG,REJECT,0.0,standard_base,0.0,,,,0.0,,
NSA,REJECT,0.0,standard_base,0.0,,,,0.0,,
NSC,REJECT,0.0,standard_base,0.0,,,,0.0,,
NTAP,REJECT,0.0,standard_base,0.0,,,,0.0,,
NTNX,REJECT,0.0,standard_base,0.0,,,,0.0,,
NVST,REJECT,0.0,standard_base,0.0,,,,0.0,,
NVT,REJECT,46.9,cup,15.9,cup_handle,53.7,41.8,-4.04,1.57,112.01
NWE,B,65.0,flat_base,8.4,flat_max_spike_filtered,38.1,32.0,-3.28,2.85,68.76
NWS,REJECT,0.0,standard_base,0.0,,,,0.0,,
NWSA,REJECT,0.0,standard_base,0.0,,,,0.0,,
NXST,B,71.5,cup,20.8,cup_handle,75.0,58.2,-5.27,1.68,227.58
NXT,REJECT,0.0,standard_base,0.0,,,,0.0,,
NYT,REJECT,0.0,standard_base,0.0,,,,0.0,,
OC,REJECT,0.0,standard_base,0.0,,,,0.0,,
ODFL,REJECT,0.0,standard_base,0.0,,,,0.0,,
OGE,REJECT,0.0,standard_base,0.0,,,,0.0,,
OGS,REJECT,0.0,standard_base,0.0,,,,0.0,,
OHI,REJECT,43.6,flat_base,13.3,flat_max_spike_filtered,40.6,33.3,-1.61,2.91,46.29
OKE,REJECT,0.0,standard_base,0.0,,,,0.0,,
OLED,REJECT,0.0,standard_base,0.0,,,,0.0,,
OLLI,REJECT,0.0,standard_base,0.0,,,,0.0,,
OLN,REJECT,0.0,standard_base,0.0,,,,0.0,,
OMC,REJECT,0.0,standard_base,0.0,,,,0.0,,
ONB,REJECT,42.4,cup,15.8,cup_handle,65.6,50.7,-5.55,2.33,24.31
ONTO,REJECT,0.0,standard_base,0.0,,,,0.0,,
OPCH,REJECT,0.0,standard_base,0.0,,,,0.0,,
ORA,REJECT,0.0,standard_base,0.0,,,,0.0,,
ORI,REJECT,0.0,standard_base,0.0,,,,0.0,,
ORLY,REJECT,0.0,standard_base,0.0,,,,0.0,,
OSK,REJECT,0.0,standard_base,0.0,,,,0.0,,
OTIS,REJECT,0.0,standard_base,0.0,,,,0.0,,
OVV,REJECT,0.0,standard_base,0.0,,,,0.0,,
OZK,REJECT,0.0,standard_base,0.0,,,,0.0,,
PAG,REJECT,0.0,standard_base,0.0,,,,0.0,,
PATH,REJECT,0.0,standard_base,0.0,,,,0.0,,
PAYC,REJECT,0.0,standard_base,0.0,,,,0.0,,
PAYX,REJECT,0.0,standard_base,0.0,,,,0.0,,
PB,REJECT,0.0,standard_base,0.0,,,,0.0,,
PBF,REJECT,0.0,standard_base,0.0,,,,0.0,,
PCAR,A,76.3,flat_base,11.7,flat_max_spike_filtered,83.0,64.2,-4.14,2.76,126.78
PCG,REJECT,0.0,standard_base,0.0,,,,0.0,,
PCH,REJECT,0.0,standard_base,0.0,,,,0.0,,
PCTY,REJECT,0.0,standard_base,0.0,,,,0.0,,
PEG,REJECT,0.0,standard_base,0.0,,,,0.0,,
PEGA,REJECT,0.0,standard_base,0.0,,,,0.0,,
PEN,REJECT,46.5,flat_base,6.6,flat_max_spike_filtered,70.1,66.8,-6.07,6.94,356.34
PFG,C,63.4,flat_base,11.0,flat_max_spike_filtered,55.7,41.3,-4.93,2.31,93.64
PFGC,REJECT,0.0,standard_base,0.0,,,,0.0,,
PGR,REJECT,0.0,standard_base,0.0,,,,0.0,,
PII,REJECT,0.0,standard_base,0.0,,,,0.0,,
PINS,REJECT,0.0,standard_base,0.0,,,,0.0,,
PK,REJECT,0.0,standard_base,0.0,,,,0.0,,
PKG,C,63.7,cup,18.0,cup_handle,62.6,46.9,-10.13,2.42,239.21
PLNT,REJECT,0.0,standard_base,0.0,,,,0.0,,
PM,REJECT,0.0,standard_base,0.0,,,,0.0,,
PNFP,REJECT,0.0,standard_base,0.0,,,,0.0,,
PNW,REJECT,0.0,standard_base,0.0,,,,0.0,,
PODD,REJECT,0.0,standard_base,0.0,,,,0.0,,
POOL,REJECT,0.0,standard_base,0.0,,,,0.0,,
POR,B,70.0,flat_base,11.1,flat_max_spike_filtered,45.8,36.6,-1.71,2.92,52.53
POST,REJECT,0.0,standard_base,0.0,,,,0.0,,
PPC,REJECT,0.0,standard_base,0.0,,,,0.0,,
PPL,REJECT,0.0,standard_base,0.0,,,,0.0,,
PR,REJECT,0.0,standard_base,0.0,,,,0.0,,
PRI,REJECT,0.0,standard_base,0.0,,,,0.0,,
PRU,REJECT,0.0,standard_base,0.0,,,,0.0,,
PSKY,REJECT,0.0,standard_base,0.0,,,,0.0,,
PSN,REJECT,0.0,standard_base,0.0,,,,0.0,,
PSTG,REJECT,0.0,standard_base,0.0,,,,0.0,,
PSX,REJECT,0.0,standard_base,0.0,,,,0.0,,
PTC,REJECT,0.0,standard_base,0.0,,,,0.0,,
PVH,REJECT,0.0,standard_base,0.0,,,,0.0,,
PWR,REJECT,0.0,standard_base,0.0,,,,0.0,,
PYPL,REJECT,0.0,standard_base,0.0,,,,0.0,,
R,A,83.3,cup,19.7,cup_handle,87.1,67.0,-2.41,1.6,211.59
RBA,REJECT,0.0,standard_base,0.0,,,,0.0,,
RBC,A+,85.2,cup,20.8,cup_handle,82.9,68.9,-0.7,2.94,545.51
RCL,REJECT,0.0,standard_base,0.0,,,,0.0,,
REG,REJECT,0.0,standard_base,0.0,,,,0.0,,
REXR,REJECT,0.0,standard_base,0.0,,,,0.0,,
RF,B,65.0,flat_base,13.6,flat_max_spike_filtered,68.1,54.2,-8.96,2.41,30.22
RGA,REJECT,0.0,standard_base,0.0,,,,0.0,,
RGEN,REJECT,0.0,standard_base,0.0,,,,0.0,,
RGLD,REJECT,0.0,standard_base,0.0,,,,0.0,,
RH,REJECT,0.0,standard_base,0.0,,,,0.0,,
RJF,REJECT,0.0,standard_base,0.0,,,,0.0,,
RL,REJECT,41.6,cup,17.8,cup_handle,50.2,42.0,-6.29,1.75,366.95
RLI,REJECT,0.0,standard_base,0.0,,,,0.0,,
RMBS,REJECT,0.0,standard_base,0.0,,,,0.0,,
RNR,REJECT,52.8,cup,15.0,cup_handle,59.0,47.8,-4.17,2.08,300.67
ROIV,REJECT,0.0,standard_base,0.0,,,,0.0,,
ROL,REJECT,0.0,standard_base,0.0,,,,0.0,,
RPM,REJECT,0.0,standard_base,0.0,,,,0.0,,
RRC,REJECT,0.0,standard_base,0.0,,,,0.0,,
RRX,REJECT,0.0,standard_base,0.0,,,,0.0,,
RS,REJECT,0.0,standard_base,0.0,,,,0.0,,
RSG,REJECT,0.0,standard_base,0.0,,,,0.0,,
RVTY,REJECT,0.0,standard_base,0.0,,,,0.0,,
RYAN,REJECT,0.0,standard_base,0.0,,,,0.0,,
RYN,REJECT,0.0,standard_base,0.0,,,,0.0,,
SAIA,REJECT,0.0,standard_base,0.0,,,,0.0,,
SAIC,REJECT,0.0,standard_base,0.0,,,,0.0,,
SAM,REJECT,0.0,standard_base,0.0,,,,0.0,,
SARO,REJECT,0.0,standard_base,0.0,,,,0.0,,
SATS,REJECT,0.0,standard_base,0.0,,,,0.0,,
SBAC,REJECT,0.0,standard_base,0.0,,,,0.0,,
SBRA,REJECT,0.0,standard_base,0.0,,,,0.0,,
SCI,REJECT,0.0,standard_base,0.0,,,,0.0,,
SEIC,REJECT,0.0,standard_base,0.0,,,,0.0,,
SF,REJECT,0.0,standard_base,0.0,,,,0.0,,
SFM,REJECT,0.0,standard_base,0.0,,,,0.0,,
SGI,REJECT,0.0,standard_base,0.0,,,,0.0,,
SHC,REJECT,0.0,standard_base,0.0,,,,0.0,,
SIGI,REJECT,0.0,standard_base,0.0,,,,0.0,,
SLAB,REJECT,0.0,standard_base,0.0,,,,0.0,,
SLGN,REJECT,0.0,standard_base,0.0,,,,0.0,,
SLM,REJECT,0.0,standard_base,0.0,,,,0.0,,
SMCI,REJECT,0.0,standard_base,0.0,,,,0.0,,
SMG,REJECT,0.0,standard_base,0.0,,,,0.0,,
SNA,REJECT,0.0,standard_base,0.0,,,,0.0,,
SNDK,REJECT,0.0,standard_base,0.0,,,,0.0,,
SNPS,REJECT,0.0,standard_base,0.0,,,,0.0,,
SNX,REJECT,0.0,standard_base,0.0,,,,0.0,,
SOLV,REJECT,0.0,standard_base,0.0,,,,0.0,,
SPGI,REJECT,0.0,standard_base,0.0,,,,0.0,,
SPXC,REJECT,0.0,standard_base,0.0,,,,0.0,,
SR,REJECT,0.0,standard_base,0.0,,,,0.0,,
SSB,REJECT,38.5,flat_base,11.6,flat_max_spike_filtered,61.8,45.5,-7.81,2.37,103.88
SSD,REJECT,0.0,standard_base,0.0,,,,0.0,,
ST,A,76.5,flat_base,13.6,flat_max_spike_filtered,83.9,61.1,-3.37,1.81,36.68
STAG,REJECT,0.0,standard_base,0.0,,,,0.0,,
STE,REJECT,0.0,standard_base,0.0,,,,0.0,,
STLD,C,55.0,cup,20.9,cup_handle,80.1,71.1,-6.1,1.8,196.43
STRL,REJECT,0.0,standard_base,0.0,,,,0.0,,
STWD,REJECT,0.0,standard_base,0.0,,,,0.0,,
STX,REJECT,0.0,standard_base,0.0,,,,0.0,,
SW,REJECT,0.0,standard_base,0.0,,,,0.0,,
SWX,REJECT,0.0,standard_base,0.0,,,,0.0,,
SYF,REJECT,0.0,standard_base,0.0,,,,0.0,,
SYNA,REJECT,0.0,standard_base,0.0,,,,0.0,,
SYY,REJECT,0.0,standard_base,0.0,,,,0.0,,
TCBI,REJECT,0.0,standard_base,0.0,,,,0.0,,
TDG,REJECT,0.0,standard_base,0.0,,,,0.0,,
TDY,REJECT,0.0,standard_base,0.0,,,,0.0,,
TEL,REJECT,0.0,standard_base,0.0,,,,0.0,,
TER,REJECT,0.0,standard_base,0.0,,,,0.0,,
TEX,C,59.2,cup,21.9,cup_handle,96.6,84.0,-5.96,1.27,65.86
THC,REJECT,52.3,cup,21.5,cup_handle,75.3,53.1,-1.46,2.43,226.06
THG,REJECT,0.0,standard_base,0.0,,,,0.0,,
THO,REJECT,0.0,standard_base,0.0,,,,0.0,,
TKO,REJECT,0.0,standard_base,0.0,,,,0.0,,
TKR,REJECT,0.0,standard_base,0.0,,,,0.0,,
TLN,REJECT,0.0,standard_base,0.0,,,,0.0,,
TMHC,REJECT,0.0,standard_base,0.0,,,,0.0,,
TNL,B,71.5,cup,15.1,cup_handle,70.2,55.4,-8.72,1.89,76.71
TPL,REJECT,0.0,standard_base,0.0,,,,0.0,,
TPR,A+,92.4,cup,21.5,cup_handle,93.7,82.3,-3.63,1.83,149.64
TREX,REJECT,0.0,standard_base,0.0,,,,0.0,,
TRGP,REJECT,0.0,standard_base,0.0,,,,0.0,,
TRMB,REJECT,0.0,standard_base,0.0,,,,0.0,,
TRU,REJECT,0.0,standard_base,0.0,,,,0.0,,
TRV,REJECT,0.0,standard_base,0.0,,,,0.0,,
TSCO,REJECT,0.0,standard_base,0.0,,,,0.0,,
TSN,REJECT,0.0,standard_base,0.0,,,,0.0,,
TT,REJECT,0.0,standard_base,0.0,,,,0.0,,
TTD,REJECT,0.0,standard_base,0.0,,,,0.0,,
TTEK,REJECT,0.0,standard_base,0.0,,,,0.0,,
TTWO,REJECT,0.0,standard_base,0.0,,,,0.0,,
TWLO,REJECT,0.0,standard_base,0.0,,,,0.0,,
TXNM,REJECT,0.0,standard_base,0.0,,,,0.0,,
TXRH,REJECT,0.0,standard_base,0.0,,,,0.0,,
TYL,REJECT,0.0,standard_base,0.0,,,,0.0,,
UAL,REJECT,0.0,standard_base,0.0,,,,0.0,,
UBER,REJECT,0.0,standard_base,0.0,,,,0.0,,
UBSI,C,64.3,flat_base,13.7,flat_max_spike_filtered,65.3,50.7,-8.19,2.54,44.12
UDR,REJECT,0.0,standard_base,0.0,,,,0.0,,
UFPI,REJECT,0.0,standard_base,0.0,,,,0.0,,
UGI,REJECT,0.0,standard_base,0.0,,,,0.0,,
UHS,REJECT,0.0,standard_base,0.0,,,,0.0,,
ULS,REJECT,0.0,standard_base,0.0,,,,0.0,,
UMBF,REJECT,0.0,standard_base,0.0,,,,0.0,,
UNM,REJECT,0.0,standard_base,0.0,,,,0.0,,
UPS,REJECT,0.0,standard_base,0.0,,,,0.0,,
URI,REJECT,0.0,standard_base,0.0,,,,0.0,,
USFD,REJECT,51.0,cup,21.8,cup_handle,88.1,67.1,-5.63,1.98,96.98
UTHR,REJECT,0.0,standard_base,0.0,,,,0.0,,
VAL,REJECT,0.0,standard_base,0.0,,,,0.0,,
VC,REJECT,0.0,standard_base,0.0,,,,0.0,,
VICI,REJECT,0.0,standard_base,0.0,,,,0.0,,
VLTO,REJECT,0.0,standard_base,0.0,,,,0.0,,
VLY,A,75.7,cup,16.8,cup_handle,74.9,60.1,-5.94,2.08,13.06
VMI,B,74.0,flat_base,13.5,flat_max_spike_filtered,68.1,48.6,-6.56,1.96,462.69
VNO,REJECT,0.0,standard_base,0.0,,,,0.0,,
VNOM,REJECT,0.0,standard_base,0.0,,,,0.0,,
VNT,REJECT,0.0,standard_base,0.0,,,,0.0,,
VOYA,REJECT,0.0,standard_base,0.0,,,,0.0,,
VRSK,REJECT,0.0,standard_base,0.0,,,,0.0,,
VRSN,REJECT,0.0,standard_base,0.0,,,,0.0,,
VST,REJECT,0.0,standard_base,0.0,,,,0.0,,
VTR,REJECT,44.6,cup,15.4,cup_handle,44.4,38.8,-0.8,4.08,85.1
VTRS,REJECT,0.0,standard_base,0.0,,,,0.0,,
VVV,REJECT,0.0,standard_base,0.0,,,,0.0,,
WAB,C,57.9,cup,21.3,cup_handle,85.8,65.2,-1.17,2.7,256.03
WAL,REJECT,0.0,standard_base,0.0,,,,0.0,,
WAT,REJECT,0.0,standard_base,0.0,,,,0.0,,
WBD,B,66.5,flat_base,9.8,flat_max_spike_filtered,78.0,75.3,-1.95,3.78,28.72
WBS,REJECT,54.3,cup,16.2,cup_handle,83.3,62.7,-1.49,3.07,71.57
WCC,REJECT,0.0,standard_base,0.0,,,,0.0,,
WDC,REJECT,0.0,standard_base,0.0,,,,0.0,,
WEX,REJECT,0.0,standard_base,0.0,,,,0.0,,
WFRD,REJECT,0.0,standard_base,0.0,,,,0.0,,
WH,REJECT,0.0,standard_base,0.0,,,,0.0,,
WHR,REJECT,0.0,standard_base,0.0,,,,0.0,,
WING,REJECT,0.0,standard_base,0.0,,,,0.0,,
WM,REJECT,0.0,standard_base,0.0,,,,0.0,,
WMB,REJECT,52.6,cup,21.4,cup_handle,76.3,55.1,-1.03,3.02,71.42
WMG,REJECT,0.0,standard_base,0.0,,,,0.0,,
WMS,REJECT,47.0,cup,20.3,cup_handle,65.8,50.9,-3.94,1.88,167.11
WPC,REJECT,0.0,standard_base,0.0,,,,0.0,,
WRB,REJECT,0.0,standard_base,0.0,,,,0.0,,
WSM,REJECT,46.3,flat_base,13.1,flat_max_spike_filtered,63.2,47.0,-8.59,1.68,208.76
WSO,REJECT,0.0,standard_base,0.0,,,,0.0,,
WTFC,REJECT,38.1,flat_base,13.2,flat_max_spike_filtered,60.6,48.9,-8.78,2.25,155.71
WTRG,REJECT,0.0,standard_base,0.0,,,,0.0,,
WTS,B,71.8,cup,20.3,cup_handle,71.3,52.1,-6.11,2.34,330.41
WTW,REJECT,0.0,standard_base,0.0,,,,0.0,,
WY,REJECT,0.0,standard_base,0.0,,,,0.0,,
WYNN,REJECT,0.0,standard_base,0.0,,,,0.0,,
XPO,REJECT,0.0,standard_base,0.0,,,,0.0,,
XRAY,REJECT,0.0,standard_base,0.0,,,,0.0,,
XYL,REJECT,0.0,standard_base,0.0,,,,0.0,,
XYZ,REJECT,0.0,standard_base,0.0,,,,0.0,,
YETI,REJECT,0.0,standard_base,0.0,,,,0.0,,
ZBRA,REJECT,0.0,standard_base,0.0,,,,0.0,,
AAMI,A,79.1,cup,18.8,cup_handle,70.4,53.3,-2.32,2.36,51.23
AAP,REJECT,0.0,standard_base,0.0,,,,0.0,,
AAT,REJECT,0.0,standard_base,0.0,,,,0.0,,
ABCB,REJECT,0.0,standard_base,0.0,,,,0.0,,
ABG,REJECT,0.0,standard_base,0.0,,,,0.0,,
ABM,REJECT,0.0,standard_base,0.0,,,,0.0,,
ABR,REJECT,0.0,standard_base,0.0,,,,0.0,,
ACA,A,75.6,cup,19.3,cup_handle,74.3,60.8,-5.8,2.46,125.42
ACAD,REJECT,0.0,standard_base,0.0,,,,0.0,,
ACHC,REJECT,0.0,standard_base,0.0,,,,0.0,,
ACIW,REJECT,0.0,standard_base,0.0,,,,0.0,,
ACLS,REJECT,0.0,standard_base,0.0,,,,0.0,,
ACMR,REJECT,0.0,standard_base,0.0,,,,0.0,,
ACT,REJECT,33.9,cup,16.3,cup_handle,43.5,36.8,-6.67,2.12,42.07
ADAM,B,70.2,flat_base,12.9,flat_max_spike_filtered,64.6,52.4,-8.1,2.29,8.32
ADEA,A+,87.0,cup,18.4,cup_handle,96.2,86.0,-3.91,1.56,18.2
ADMA,REJECT,0.0,standard_base,0.0,,,,0.0,,
ADNT,REJECT,0.0,standard_base,0.0,,,,0.0,,
ADUS,REJECT,0.0,standard_base,0.0,,,,0.0,,
AEIS,REJECT,0.0,standard_base,0.0,,,,0.0,,
AEO,REJECT,0.0,standard_base,0.0,,,,0.0,,
AESI,REJECT,0.0,standard_base,0.0,,,,0.0,,
AGO,REJECT,0.0,standard_base,0.0,,,,0.0,,
AGYS,REJECT,0.0,standard_base,0.0,,,,0.0,,
AHCO,REJECT,36.7,flat_base,13.4,flat_max_spike_filtered,54.8,40.8,-5.17,1.82,10.33
AHH,REJECT,0.0,standard_base,0.0,,,,0.0,,
AIN,REJECT,0.0,standard_base,0.0,,,,0.0,,
AIR,REJECT,0.0,standard_base,0.0,,,,0.0,,
AKR,REJECT,0.0,standard_base,0.0,,,,0.0,,
AL,REJECT,0.0,standard_base,0.0,,,,0.0,,
ALEX,A+,88.0,flat_base,0.6,flat_max_spike_filtered,87.9,64.2,-0.02,41.62,20.76
ALG,REJECT,0.0,standard_base,0.0,,,,0.0,,
ALGT,REJECT,0.0,standard_base,0.0,,,,0.0,,
ALRM,REJECT,0.0,standard_base,0.0,,,,0.0,,
AMN,REJECT,0.0,standard_base,0.0,,,,0.0,,
AMPH,REJECT,0.0,standard_base,0.0,,,,0.0,,
AMR,REJECT,0.0,standard_base,0.0,,,,0.0,,
AMSF,REJECT,0.0,standard_base,0.0,,,,0.0,,
AMTM,REJECT,0.0,standard_base,0.0,,,,0.0,,
AMWD,REJECT,0.0,standard_base,0.0,,,,0.0,,
ANDE,REJECT,0.0,standard_base,0.0,,,,0.0,,
ANGI,REJECT,0.0,standard_base,0.0,,,,0.0,,
ANIP,REJECT,0.0,standard_base,0.0,,,,0.0,,
AORT,REJECT,0.0,standard_base,0.0,,,,0.0,,
AOSL,REJECT,0.0,standard_base,0.0,,,,0.0,,
APAM,REJECT,0.0,standard_base,0.0,,,,0.0,,
APLE,REJECT,0.0,standard_base,0.0,,,,0.0,,
APOG,REJECT,0.0,standard_base,0.0,,,,0.0,,
ARCB,REJECT,0.0,standard_base,0.0,,,,0.0,,
ARI,REJECT,0.0,standard_base,0.0,,,,0.0,,
ARLO,REJECT,0.0,standard_base,0.0,,,,0.0,,
AROC,REJECT,0.0,standard_base,0.0,,,,0.0,,
ARR,B,70.0,flat_base,11.8,flat_max_spike_filtered,58.0,45.2,-3.07,3.05,18.04
ARWR,REJECT,0.0,standard_base,0.0,,,,0.0,,
ASO,C,60.5,flat_base,13.2,flat_max_spike_filtered,90.0,69.5,-3.94,1.55,57.42
ASTE,REJECT,0.0,standard_base,0.0,,,,0.0,,
ASTH,REJECT,0.0,standard_base,0.0,,,,0.0,,
ATEN,REJECT,0.0,standard_base,0.0,,,,0.0,,
ATGE,REJECT,0.0,standard_base,0.0,,,,0.0,,
AUB,A,80.0,flat_base,9.1,flat_max_spike_filtered,74.1,55.4,-7.01,2.32,39.99
AVA,REJECT,0.0,standard_base,0.0,,,,0.0,,
AVNS,REJECT,0.0,standard_base,0.0,,,,0.0,,
AWI,REJECT,0.0,standard_base,0.0,,,,0.0,,
AWR,REJECT,0.0,standard_base,0.0,,,,0.0,,
AX,REJECT,0.0,standard_base,0.0,,,,0.0,,
AXL,REJECT,0.0,standard_base,0.0,,,,0.0,,
AZTA,REJECT,0.0,standard_base,0.0,,,,0.0,,
AZZ,REJECT,0.0,standard_base,0.0,,,,0.0,,
BANC,REJECT,0.0,standard_base,0.0,,,,0.0,,
BANF,REJECT,0.0,standard_base,0.0,,,,0.0,,
BANR,REJECT,0.0,standard_base,0.0,,,,0.0,,
BBT,A,83.0,cup,19.6,cup_handle,80.1,61.6,-4.03,1.9,30.21
BCC,REJECT,0.0,standard_base,0.0,,,,0.0,,
BCPC,REJECT,0.0,standard_base,0.0,,,,0.0,,
BFH,REJECT,0.0,standard_base,0.0,,,,0.0,,
BFS,REJECT,0.0,standard_base,0.0,,,,0.0,,
BGC,REJECT,0.0,standard_base,0.0,,,,0.0,,
BHE,REJECT,0.0,standard_base,0.0,,,,0.0,,
BJRI,REJECT,0.0,standard_base,0.0,,,,0.0,,
BKE,REJECT,0.0,standard_base,0.0,,,,0.0,,
BKU,REJECT,54.9,cup,16.4,cup_handle,67.6,58.5,-4.89,2.07,47.89
BL,REJECT,0.0,standard_base,0.0,,,,0.0,,
BLFS,REJECT,0.0,standard_base,0.0,,,,0.0,,
BLMN,REJECT,0.0,standard_base,0.0,,,,0.0,,
BMI,REJECT,0.0,standard_base,0.0,,,,0.0,,
BOH,B,65.2,cup,16.8,cup_handle,68.9,53.1,-5.64,2.42,77.28
BOOT,REJECT,36.8,cup,18.4,cup_handle,49.2,39.4,-4.97,1.43,188.44
BOX,REJECT,0.0,standard_base,0.0,,,,0.0,,
BRC,REJECT,0.0,standard_base,0.0,,,,0.0,,
BTSG,A,86.4,flat_base,10.9,flat_max_spike_filtered,69.6,60.6,-4.13,1.52,38.67
BTU,REJECT,0.0,standard_base,0.0,,,,0.0,,
BXMT,REJECT,0.0,standard_base,0.0,,,,0.0,,
CABO,REJECT,0.0,standard_base,0.0,,,,0.0,,
CAKE,REJECT,0.0,standard_base,0.0,,,,0.0,,
CALM,REJECT,0.0,standard_base,0.0,,,,0.0,,
CALX,REJECT,0.0,standard_base,0.0,,,,0.0,,
CARG,REJECT,0.0,standard_base,0.0,,,,0.0,,
CARS,REJECT,0.0,standard_base,0.0,,,,0.0,,
CASH,REJECT,0.0,standard_base,0.0,,,,0.0,,
CATY,REJECT,0.0,standard_base,0.0,,,,0.0,,
CBRL,REJECT,0.0,standard_base,0.0,,,,0.0,,
CC,REJECT,0.0,standard_base,0.0,,,,0.0,,
CCOI,REJECT,0.0,standard_base,0.0,,,,0.0,,
CCS,REJECT,41.8,cup,19.9,cup_handle,75.2,56.5,-7.66,1.74,71.62
CE,REJECT,0.0,standard_base,0.0,,,,0.0,,
CENT,REJECT,0.0,standard_base,0.0,,,,0.0,,
CENTA,REJECT,0.0,standard_base,0.0,,,,0.0,,
CENX,REJECT,0.0,standard_base,0.0,,,,0.0,,
CERT,REJECT,0.0,standard_base,0.0,,,,0.0,,
CFFN,REJECT,45.6,cup,17.6,cup_handle,66.3,50.9,-7.46,2.53,7.53
CHCO,REJECT,0.0,standard_base,0.0,,,,0.0,,
CHEF,REJECT,0.0,standard_base,0.0,,,,0.0,,
CLB,A+,90.2,cup,22.2,cup_handle,84.8,91.4,-4.01,1.52,17.94
CLSK,REJECT,0.0,standard_base,0.0,,,,0.0,,
CNK,REJECT,0.0,standard_base,0.0,,,,0.0,,
CNMD,REJECT,0.0,standard_base,0.0,,,,0.0,,
CNR,REJECT,0.0,standard_base,0.0,,,,0.0,,
CNS,REJECT,0.0,standard_base,0.0,,,,0.0,,
CNXN,REJECT,0.0,standard_base,0.0,,,,0.0,,
COHU,REJECT,0.0,standard_base,0.0,,,,0.0,,
COLL,REJECT,0.0,standard_base,0.0,,,,0.0,,
CON,REJECT,0.0,standard_base,0.0,,,,0.0,,
CORT,REJECT,0.0,standard_base,0.0,,,,0.0,,
CPF,REJECT,0.0,standard_base,0.0,,,,0.0,,
CPK,REJECT,0.0,standard_base,0.0,,,,0.0,,
CPRX,REJECT,0.0,standard_base,0.0,,,,0.0,,
CRC,REJECT,0.0,standard_base,0.0,,,,0.0,,
CRGY,REJECT,0.0,standard_base,0.0,,,,0.0,,
CRI,REJECT,0.0,standard_base,0.0,,,,0.0,,
CRK,REJECT,0.0,standard_base,0.0,,,,0.0,,
CRSR,REJECT,0.0,standard_base,0.0,,,,0.0,,
CRVL,REJECT,0.0,standard_base,0.0,,,,0.0,,
CSGS,REJECT,35.6,flat_base,1.7,flat_max_spike_filtered,32.5,30.7,-0.65,13.61,79.69
CSR,REJECT,0.0,standard_base,0.0,,,,0.0,,
CSW,REJECT,0.0,standard_base,0.0,,,,0.0,,
CTKB,REJECT,0.0,standard_base,0.0,,,,0.0,,
CTRE,B,74.9,cup,16.0,cup_handle,53.5,40.4,-1.81,2.72,39.84
CTS,REJECT,0.0,standard_base,0.0,,,,0.0,,
CUBI,REJECT,0.0,standard_base,0.0,,,,0.0,,
CURB,REJECT,50.5,cup,20.0,cup_handle,67.9,48.1,0.0,2.71,26.67
CVBF,REJECT,0.0,standard_base,0.0,,,,0.0,,
CVCO,REJECT,0.0,standard_base,0.0,,,,0.0,,
CVI,REJECT,0.0,standard_base,0.0,,,,0.0,,
CWEN,B,71.6,flat_base,14.9,flat_max_spike_filtered,52.5,43.8,-4.05,2.55,39.88
CWEN-A,B,75.9,cup,15.2,cup_handle,51.4,43.3,-4.33,2.76,37.46
CWK,REJECT,0.0,standard_base,0.0,,,,0.0,,
CWST,REJECT,0.0,standard_base,0.0,,,,0.0,,
CWT,REJECT,0.0,standard_base,0.0,,,,0.0,,
CXM,REJECT,0.0,standard_base,0.0,,,,0.0,,
CXW,REJECT,0.0,standard_base,0.0,,,,0.0,,
CZR,REJECT,0.0,standard_base,0.0,,,,0.0,,
DAN,REJECT,0.0,standard_base,0.0,,,,0.0,,
DCOM,REJECT,45.7,flat_base,11.8,flat_max_spike_filtered,78.7,61.8,-11.07,1.94,34.96
DEA,REJECT,0.0,standard_base,0.0,,,,0.0,,
DEI,REJECT,0.0,standard_base,0.0,,,,0.0,,
DFH,REJECT,0.0,standard_base,0.0,,,,0.0,,
DFIN,REJECT,0.0,standard_base,0.0,,,,0.0,,
DGII,REJECT,0.0,standard_base,0.0,,,,0.0,,
DIOD,REJECT,0.0,standard_base,0.0,,,,0.0,,
DLX,REJECT,0.0,standard_base,0.0,,,,0.0,,
DNOW,REJECT,0.0,standard_base,0.0,,,,0.0,,
DORM,REJECT,0.0,standard_base,0.0,,,,0.0,,
DRH,B,73.9,flat_base,11.9,flat_max_spike_filtered,61.4,50.1,-3.17,2.28,9.79
DV,REJECT,0.0,standard_base,0.0,,,,0.0,,
DVAX,C,61.9,flat_base,2.3,flat_max_spike_filtered,89.5,76.7,-1.46,22.47,15.66
DXC,REJECT,0.0,standard_base,0.0,,,,0.0,,
DXPE,REJECT,0.0,standard_base,0.0,,,,0.0,,
EAT,REJECT,0.0,standard_base,0.0,,,,0.0,,
ECG,REJECT,0.0,standard_base,0.0,,,,0.0,,
ECPG,B,77.4,flat_base,10.3,flat_max_spike_filtered,63.7,56.5,-5.27,2.43,57.14
EFC,REJECT,0.0,standard_base,0.0,,,,0.0,,
EGBN,C,59.6,flat_base,12.8,flat_max_spike_filtered,92.6,90.8,-11.79,1.83,26.86
EIG,REJECT,0.0,standard_base,0.0,,,,0.0,,
ELME,REJECT,0.0,standard_base,0.0,,,,0.0,,
EMBC,REJECT,0.0,standard_base,0.0,,,,0.0,,
EMN,REJECT,0.0,standard_base,0.0,,,,0.0,,
ENOV,REJECT,0.0,standard_base,0.0,,,,0.0,,
ENPH,REJECT,0.0,standard_base,0.0,,,,0.0,,
ENR,REJECT,0.0,standard_base,0.0,,,,0.0,,
ENVA,REJECT,0.0,standard_base,0.0,,,,0.0,,
EPAC,REJECT,0.0,standard_base,0.0,,,,0.0,,
EPC,REJECT,0.0,standard_base,0.0,,,,0.0,,
EPRT,REJECT,0.0,standard_base,0.0,,,,0.0,,
ESE,REJECT,0.0,standard_base,0.0,,,,0.0,,
ESI,REJECT,0.0,standard_base,0.0,,,,0.0,,
ETD,REJECT,0.0,standard_base,0.0,,,,0.0,,
EVTC,REJECT,0.0,standard_base,0.0,,,,0.0,,
EXTR,REJECT,0.0,standard_base,0.0,,,,0.0,,
EYE,REJECT,0.0,standard_base,0.0,,,,0.0,,
EZPW,REJECT,0.0,standard_base,0.0,,,,0.0,,
FBK,REJECT,0.0,standard_base,0.0,,,,0.0,,
FBNC,REJECT,46.0,cup,20.2,cup_handle,68.0,52.4,-6.29,2.16,59.74
FBP,REJECT,0.0,standard_base,0.0,,,,0.0,,
FBRT,REJECT,0.0,standard_base,0.0,,,,0.0,,
FCF,REJECT,37.3,flat_base,11.1,flat_max_spike_filtered,57.1,42.7,-6.25,2.75,18.26
FCPT,REJECT,0.0,standard_base,0.0,,,,0.0,,
FDP,B,83.5,cup,20.4,cup_handle,69.9,52.9,-2.57,2.13,40.96
FELE,REJECT,0.0,standard_base,0.0,,,,0.0,,
FFBC,B,66.0,cup,21.6,cup_handle,72.0,54.7,-7.5,1.99,29.5
FHB,REJECT,0.0,standard_base,0.0,,,,0.0,,
FIBK,REJECT,0.0,standard_base,0.0,,,,0.0,,
FIZZ,REJECT,0.0,standard_base,0.0,,,,0.0,,
FMC,REJECT,0.0,standard_base,0.0,,,,0.0,,
FORM,REJECT,0.0,standard_base,0.0,,,,0.0,,
FOXF,REJECT,0.0,standard_base,0.0,,,,0.0,,
FRPT,REJECT,0.0,standard_base,0.0,,,,0.0,,
FSS,REJECT,0.0,standard_base,0.0,,,,0.0,,
FTDR,REJECT,0.0,standard_base,0.0,,,,0.0,,
FTRE,REJECT,0.0,standard_base,0.0,,,,0.0,,
FUL,B,65.6,cup,16.0,cup_handle,64.4,44.7,-4.53,2.47,65.85
FULT,B,66.6,cup,17.0,cup_handle,74.4,57.1,-5.94,2.23,21.53
FUN,REJECT,0.0,standard_base,0.0,,,,0.0,,
FWRD,REJECT,0.0,standard_base,0.0,,,,0.0,,
GBX,REJECT,0.0,standard_base,0.0,,,,0.0,,
GDEN,REJECT,0.0,standard_base,0.0,,,,0.0,,
GDYN,REJECT,0.0,standard_base,0.0,,,,0.0,,
GEO,REJECT,0.0,standard_base,0.0,,,,0.0,,
GFF,REJECT,0.0,standard_base,0.0,,,,0.0,,
GIII,REJECT,36.7,cup,19.7,cup_handle,54.6,47.4,-6.37,1.84,31.02
GKOS,REJECT,0.0,standard_base,0.0,,,,0.0,,
GNL,A,78.7,flat_base,13.5,flat_max_spike_filtered,80.9,59.0,-2.39,3.52,9.75
GNW,REJECT,0.0,standard_base,0.0,,,,0.0,,
GO,REJECT,0.0,standard_base,0.0,,,,0.0,,
GOGO,REJECT,0.0,standard_base,0.0,,,,0.0,,
GOLF,REJECT,0.0,standard_base,0.0,,,,0.0,,
GPI,REJECT,0.0,standard_base,0.0,,,,0.0,,
GRBK,REJECT,0.0,standard_base,0.0,,,,0.0,,
GSHD,REJECT,0.0,standard_base,0.0,,,,0.0,,
GTES,REJECT,0.0,standard_base,0.0,,,,0.0,,
GTY,REJECT,0.0,standard_base,0.0,,,,0.0,,
GVA,A,82.4,flat_base,13.7,flat_max_spike_filtered,83.7,62.2,-1.54,2.3,130.84
HAFC,REJECT,0.0,standard_base,0.0,,,,0.0,,
HASI,B,68.5,cup,15.9,cup_handle,62.9,55.7,-6.11,1.97,37.98
HAYW,REJECT,0.0,standard_base,0.0,,,,0.0,,
HCC,REJECT,0.0,standard_base,0.0,,,,0.0,,
HCI,REJECT,0.0,standard_base,0.0,,,,0.0,,
HCSG,B,67.9,cup,20.5,cup_handle,65.6,51.3,-10.16,1.6,21.54
HE,REJECT,0.0,standard_base,0.0,,,,0.0,,
HFWA,B,65.8,flat_base,13.4,flat_max_spike_filtered,71.3,54.3,-6.97,2.07,27.58
HI,REJECT,43.9,flat_base,1.1,flat_max_spike_filtered,29.5,30.4,-0.06,40.0,31.92
HIW,REJECT,0.0,standard_base,0.0,,,,0.0,,
HLIT,REJECT,0.0,standard_base,0.0,,,,0.0,,
HLX,REJECT,0.0,standard_base,0.0,,,,0.0,,
HMN,REJECT,0.0,standard_base,0.0,,,,0.0,,
HNI,REJECT,0.0,standard_base,0.0,,,,0.0,,
HOPE,REJECT,0.0,standard_base,0.0,,,,0.0,,
HP,REJECT,0.0,standard_base,0.0,,,,0.0,,
HRMY,REJECT,0.0,standard_base,0.0,,,,0.0,,
HSTM,REJECT,0.0,standard_base,0.0,,,,0.0,,
HTH,C,61.9,cup,17.2,cup_handle,55.7,43.9,-5.91,2.41,38.28
HTLD,REJECT,0.0,standard_base,0.0,,,,0.0,,
HTO,REJECT,0.0,standard_base,0.0,,,,0.0,,
HTZ,REJECT,0.0,standard_base,0.0,,,,0.0,,
HUBG,REJECT,0.0,standard_base,0.0,,,,0.0,,
HWKN,REJECT,0.0,standard_base,0.0,,,,0.0,,
HZO,REJECT,0.0,standard_base,0.0,,,,0.0,,
IAC,REJECT,0.0,standard_base,0.0,,,,0.0,,
IART,REJECT,0.0,standard_base,0.0,,,,0.0,,
IBP,REJECT,0.0,standard_base,0.0,,,,0.0,,
ICHR,REJECT,0.0,standard_base,0.0,,,,0.0,,
ICUI,REJECT,37.9,flat_base,12.2,flat_max_spike_filtered,53.5,48.0,-4.92,1.57,149.71
IDCC,REJECT,0.0,standard_base,0.0,,,,0.0,,
IIIN,REJECT,0.0,standard_base,0.0,,,,0.0,,
IIPR,REJECT,0.0,standard_base,0.0,,,,0.0,,
INDB,B,71.0,cup,17.2,cup_handle,67.8,53.1,-6.61,2.22,81.65
INDV,REJECT,0.0,standard_base,0.0,,,,0.0,,
INN,REJECT,0.0,standard_base,0.0,,,,0.0,,
INSP,REJECT,0.0,standard_base,0.0,,,,0.0,,
INSW,A+,87.8,cup,15.8,cup_handle,81.2,63.8,-0.56,2.38,64.65
INVA,REJECT,0.0,standard_base,0.0,,,,0.0,,
INVX,C,57.4,cup,22.2,cup_handle,71.5,68.3,-0.78,1.86,25.45
IOSP,REJECT,0.0,standard_base,0.0,,,,0.0,,
IPAR,REJECT,0.0,standard_base,0.0,,,,0.0,,
IRDM,REJECT,0.0,standard_base,0.0,,,,0.0,,
ITGR,REJECT,0.0,standard_base,0.0,,,,0.0,,
ITRI,REJECT,0.0,standard_base,0.0,,,,0.0,,
JBGS,REJECT,0.0,standard_base,0.0,,,,0.0,,
JBLU,REJECT,0.0,standard_base,0.0,,,,0.0,,
JBSS,A,83.7,cup,19.1,cup_handle,70.6,58.4,-2.87,2.53,81.78
JBTM,REJECT,48.8,flat_base,10.6,flat_max_spike_filtered,73.4,56.3,-4.07,2.46,163.26
JJSF,REJECT,0.0,standard_base,0.0,,,,0.0,,
JOE,A,77.0,flat_base,12.6,flat_max_spike_filtered,74.0,64.7,-4.06,2.32,68.8
JXN,REJECT,0.0,standard_base,0.0,,,,0.0,,
KAI,REJECT,0.0,standard_base,0.0,,,,0.0,,
KALU,REJECT,0.0,standard_base,0.0,,,,0.0,,
KFY,REJECT,0.0,standard_base,0.0,,,,0.0,,
KGS,REJECT,0.0,standard_base,0.0,,,,0.0,,
KLIC,REJECT,0.0,standard_base,0.0,,,,0.0,,
KMT,REJECT,0.0,standard_base,0.0,,,,0.0,,
KMX,REJECT,0.0,standard_base,0.0,,,,0.0,,
KN,REJECT,0.0,standard_base,0.0,,,,0.0,,
KNTK,REJECT,0.0,standard_base,0.0,,,,0.0,,
KOP,REJECT,0.0,standard_base,0.0,,,,0.0,,
KREF,REJECT,0.0,standard_base,0.0,,,,0.0,,
KRYS,C,59.2,cup,22.3,cup_handle,85.0,88.6,-8.88,1.46,277.87
KSS,REJECT,0.0,standard_base,0.0,,,,0.0,,
KTB,REJECT,0.0,standard_base,0.0,,,,0.0,,
KW,REJECT,54.2,flat_base,12.1,flat_max_spike_filtered,58.8,55.2,-0.37,8.42,10.82
KWR,REJECT,0.0,standard_base,0.0,,,,0.0,,
LBRT,REJECT,0.0,standard_base,0.0,,,,0.0,,
LCII,REJECT,0.0,standard_base,0.0,,,,0.0,,
LGIH,REJECT,0.0,standard_base,0.0,,,,0.0,,
LGND,REJECT,0.0,standard_base,0.0,,,,0.0,,
LKFN,REJECT,0.0,standard_base,0.0,,,,0.0,,
LKQ,REJECT,0.0,standard_base,0.0,,,,0.0,,
LMAT,REJECT,0.0,standard_base,0.0,,,,0.0,,
LNC,REJECT,0.0,standard_base,0.0,,,,0.0,,
LNN,REJECT,0.0,standard_base,0.0,,,,0.0,,
LPG,REJECT,0.0,standard_base,0.0,,,,0.0,,
LQDT,REJECT,0.0,standard_base,0.0,,,,0.0,,
LRN,REJECT,0.0,standard_base,0.0,,,,0.0,,
LTC,REJECT,0.0,standard_base,0.0,,,,0.0,,
LUMN,REJECT,0.0,standard_base,0.0,,,,0.0,,
LXP,REJECT,0.0,standard_base,0.0,,,,0.0,,
LZB,REJECT,0.0,standard_base,0.0,,,,0.0,,
MAC,A,78.3,cup,15.5,cup_handle,79.1,55.2,-2.21,1.98,19.79
MAN,REJECT,0.0,standard_base,0.0,,,,0.0,,
MARA,REJECT,0.0,standard_base,0.0,,,,0.0,,
MATW,REJECT,0.0,standard_base,0.0,,,,0.0,,
MATX,A+,93.1,flat_base,9.0,flat_max_spike_filtered,96.5,90.0,-3.07,2.21,161.3
MBC,REJECT,0.0,standard_base,0.0,,,,0.0,,
MC,REJECT,0.0,standard_base,0.0,,,,0.0,,
MCRI,REJECT,0.0,standard_base,0.0,,,,0.0,,
MCW,REJECT,0.0,standard_base,0.0,,,,0.0,,
MCY,REJECT,0.0,standard_base,0.0,,,,0.0,,
MD,REJECT,0.0,standard_base,0.0,,,,0.0,,
MDU,REJECT,0.0,standard_base,0.0,,,,0.0,,
MGEE,REJECT,0.0,standard_base,0.0,,,,0.0,,
MGY,REJECT,0.0,standard_base,0.0,,,,0.0,,
MHK,REJECT,0.0,standard_base,0.0,,,,0.0,,
MHO,REJECT,0.0,standard_base,0.0,,,,0.0,,
MIR,REJECT,0.0,standard_base,0.0,,,,0.0,,
MKTX,REJECT,0.0,standard_base,0.0,,,,0.0,,
MLKN,REJECT,0.0,standard_base,0.0,,,,0.0,,
MMI,REJECT,0.0,standard_base,0.0,,,,0.0,,
MMSI,REJECT,0.0,standard_base,0.0,,,,0.0,,
MNRO,REJECT,0.0,standard_base,0.0,,,,0.0,,
MODG,REJECT,0.0,standard_base,0.0,,,,0.0,,
MOG-A,REJECT,0.0,standard_base,0.0,,,,0.0,,
MPW,REJECT,0.0,standard_base,0.0,,,,0.0,,
MRCY,REJECT,0.0,standard_base,0.0,,,,0.0,,
MRP,REJECT,0.0,standard_base,0.0,,,,0.0,,
MRTN,REJECT,0.0,standard_base,0.0,,,,0.0,,
MSEX,REJECT,0.0,standard_base,0.0,,,,0.0,,
MSGS,C,58.2,cup,23.1,cup_handle,92.7,79.4,-9.07,1.59,323.7
MTH,C,63.6,cup,20.4,cup_handle,62.5,45.9,-6.13,1.79,77.2
MTRN,REJECT,0.0,standard_base,0.0,,,,0.0,,
MTUS,REJECT,0.0,standard_base,0.0,,,,0.0,,
MTX,REJECT,50.5,cup,19.9,cup_handle,73.9,56.8,-6.47,2.29,71.9
MWA,REJECT,0.0,standard_base,0.0,,,,0.0,,
MXL,REJECT,0.0,standard_base,0.0,,,,0.0,,
MYGN,REJECT,0.0,standard_base,0.0,,,,0.0,,
MYRG,REJECT,0.0,standard_base,0.0,,,,0.0,,
NABL,REJECT,0.0,standard_base,0.0,,,,0.0,,
NATL,REJECT,45.3,cup,17.2,cup_handle,59.4,44.9,-7.33,1.83,41.05
NAVI,REJECT,0.0,standard_base,0.0,,,,0.0,,
NBHC,REJECT,0.0,standard_base,0.0,,,,0.0,,
NBTB,REJECT,0.0,standard_base,0.0,,,,0.0,,
NE,REJECT,0.0,standard_base,0.0,,,,0.0,,
NEO,REJECT,0.0,standard_base,0.0,,,,0.0,,
NEOG,A+,96.9,high_tight_flag,15.3,htf_flag,99.5,99.7,-2.29,2.1,10.81
NGVT,REJECT,0.0,standard_base,0.0,,,,0.0,,
NHC,REJECT,0.0,standard_base,0.0,,,,0.0,,
NMIH,REJECT,0.0,standard_base,0.0,,,,0.0,,
NOG,REJECT,0.0,standard_base,0.0,,,,0.0,,
NPK,REJECT,0.0,standard_base,0.0,,,,0.0,,
NPO,REJECT,0.0,standard_base,0.0,,,,0.0,,
NSIT,REJECT,0.0,standard_base,0.0,,,,0.0,,
NSP,REJECT,0.0,standard_base,0.0,,,,0.0,,
NTCT,REJECT,0.0,standard_base,0.0,,,,0.0,,
NVRI,B,69.4,flat_base,7.1,flat_max_spike_filtered,89.5,82.1,-2.0,3.48,18.92
NWBI,REJECT,0.0,standard_base,0.0,,,,0.0,,
NWN,REJECT,0.0,standard_base,0.0,,,,0.0,,
NX,REJECT,0.0,standard_base,0.0,,,,0.0,,
NXRT,REJECT,0.0,standard_base,0.0,,,,0.0,,
OFG,REJECT,0.0,standard_base,0.0,,,,0.0,,
OGN,REJECT,0.0,standard_base,0.0,,,,0.0,,
OI,REJECT,0.0,standard_base,0.0,,,,0.0,,
OII,REJECT,0.0,standard_base,0.0,,,,0.0,,
OMCL,REJECT,0.0,standard_base,0.0,,,,0.0,,
OPLN,REJECT,0.0,standard_base,0.0,,,,0.0,,
OSIS,A,85.2,cup,17.7,cup_handle,76.8,54.4,-0.72,1.68,278.3
OTTR,REJECT,0.0,standard_base,0.0,,,,0.0,,
OUT,A,85.8,flat_base,11.6,flat_max_spike_filtered,67.1,64.2,-4.11,2.41,25.92
OXM,REJECT,0.0,standard_base,0.0,,,,0.0,,
PAHC,REJECT,0.0,standard_base,0.0,,,,0.0,,
PARR,REJECT,0.0,standard_base,0.0,,,,0.0,,
PATK,REJECT,0.0,standard_base,0.0,,,,0.0,,
PAYO,REJECT,0.0,standard_base,0.0,,,,0.0,,
PBH,REJECT,0.0,standard_base,0.0,,,,0.0,,
PBI,REJECT,0.0,standard_base,0.0,,,,0.0,,
PCRX,REJECT,0.0,standard_base,0.0,,,,0.0,,
PDFS,REJECT,0.0,standard_base,0.0,,,,0.0,,
PEB,C,63.2,cup,15.8,cup_handle,60.8,46.1,-6.52,1.75,12.36
PECO,REJECT,0.0,standard_base,0.0,,,,0.0,,
PENG,REJECT,0.0,standard_base,0.0,,,,0.0,,
PENN,REJECT,0.0,standard_base,0.0,,,,0.0,,
PFBC,REJECT,0.0,standard_base,0.0,,,,0.0,,
PFS,B,71.8,cup,18.8,cup_handle,71.1,54.2,-6.96,2.32,22.4
PGNY,REJECT,0.0,standard_base,0.0,,,,0.0,,
PHIN,REJECT,0.0,standard_base,0.0,,,,0.0,,
PI,REJECT,0.0,standard_base,0.0,,,,0.0,,
PIPR,REJECT,0.0,standard_base,0.0,,,,0.0,,
PJT,REJECT,0.0,standard_base,0.0,,,,0.0,,
PLAB,C,59.6,cup,21.9,cup_handle,98.5,98.5,-6.97,1.15,36.06
PLAY,REJECT,0.0,standard_base,0.0,,,,0.0,,
PLMR,REJECT,0.0,standard_base,0.0,,,,0.0,,
PLUS,REJECT,0.0,standard_base,0.0,,,,0.0,,
PLXS,REJECT,0.0,standard_base,0.0,,,,0.0,,
PMT,REJECT,0.0,standard_base,0.0,,,,0.0,,
POWI,REJECT,0.0,standard_base,0.0,,,,0.0,,
POWL,REJECT,0.0,standard_base,0.0,,,,0.0,,
PRA,REJECT,0.0,standard_base,0.0,,,,0.0,,
PRAA,REJECT,0.0,standard_base,0.0,,,,0.0,,
PRDO,REJECT,0.0,standard_base,0.0,,,,0.0,,
PRG,A,84.4,cup,22.8,cup_handle,91.7,75.6,-6.55,1.56,38.51
PRGO,REJECT,0.0,standard_base,0.0,,,,0.0,,
PRGS,REJECT,0.0,standard_base,0.0,,,,0.0,,
PRIM,REJECT,0.0,standard_base,0.0,,,,0.0,,
PRK,REJECT,0.0,standard_base,0.0,,,,0.0,,
PRKS,REJECT,0.0,standard_base,0.0,,,,0.0,,
PRLB,REJECT,0.0,standard_base,0.0,,,,0.0,,
PRSU,REJECT,0.0,standard_base,0.0,,,,0.0,,
PRVA,REJECT,0.0,standard_base,0.0,,,,0.0,,
PSMT,REJECT,0.0,standard_base,0.0,,,,0.0,,
PTCT,REJECT,0.0,standard_base,0.0,,,,0.0,,
PTEN,A+,88.5,cup,19.6,cup_handle,95.9,84.2,-1.74,1.45,7.96
PTGX,REJECT,0.0,standard_base,0.0,,,,0.0,,
PZZA,REJECT,0.0,standard_base,0.0,,,,0.0,,
QDEL,REJECT,0.0,standard_base,0.0,,,,0.0,,
QNST,REJECT,0.0,standard_base,0.0,,,,0.0,,
QTWO,REJECT,0.0,standard_base,0.0,,,,0.0,,
RAMP,REJECT,0.0,standard_base,0.0,,,,0.0,,
RCUS,REJECT,0.0,standard_base,0.0,,,,0.0,,
RDN,REJECT,0.0,standard_base,0.0,,,,0.0,,
RDNT,REJECT,0.0,standard_base,0.0,,,,0.0,,
RES,REJECT,0.0,standard_base,0.0,,,,0.0,,
REX,REJECT,0.0,standard_base,0.0,,,,0.0,,
REYN,REJECT,0.0,standard_base,0.0,,,,0.0,,
REZI,REJECT,0.0,standard_base,0.0,,,,0.0,,
RHI,REJECT,0.0,standard_base,0.0,,,,0.0,,
RHP,REJECT,0.0,standard_base,0.0,,,,0.0,,
RNST,C,63.0,cup,17.5,cup_handle,60.2,44.2,-6.41,2.22,39.58
ROCK,REJECT,0.0,standard_base,0.0,,,,0.0,,
ROG,A,83.8,cup,19.5,cup_handle,89.4,69.7,-6.08,1.64,105.94
RRR,REJECT,0.0,standard_base,0.0,,,,0.0,,
RUN,REJECT,0.0,standard_base,0.0,,,,0.0,,
RUSHA,REJECT,0.0,standard_base,0.0,,,,0.0,,
RWT,REJECT,41.9,cup,22.7,cup_handle,75.4,59.7,-13.27,1.66,6.55
RXO,REJECT,0.0,standard_base,0.0,,,,0.0,,
SABR,REJECT,0.0,standard_base,0.0,,,,0.0,,
SAFE,REJECT,0.0,standard_base,0.0,,,,0.0,,
SAFT,REJECT,0.0,standard_base,0.0,,,,0.0,,
SAH,REJECT,0.0,standard_base,0.0,,,,0.0,,
SANM,REJECT,0.0,standard_base,0.0,,,,0.0,,
SBCF,REJECT,0.0,standard_base,0.0,,,,0.0,,
SBH,REJECT,0.0,standard_base,0.0,,,,0.0,,
SBSI,REJECT,0.0,standard_base,0.0,,,,0.0,,
SCHL,B,68.7,cup,21.0,cup_handle,63.8,52.2,-9.06,1.69,33.85
SCL,REJECT,0.0,standard_base,0.0,,,,0.0,,
SCSC,REJECT,0.0,standard_base,0.0,,,,0.0,,
SDGR,REJECT,0.0,standard_base,0.0,,,,0.0,,
SEDG,REJECT,0.0,standard_base,0.0,,,,0.0,,
SEE,REJECT,0.0,standard_base,0.0,,,,0.0,,
SEM,REJECT,0.0,standard_base,0.0,,,,0.0,,
SEZL,REJECT,0.0,standard_base,0.0,,,,0.0,,
SFBS,REJECT,0.0,standard_base,0.0,,,,0.0,,
SFNC,REJECT,0.0,standard_base,0.0,,,,0.0,,
SHAK,REJECT,0.0,standard_base,0.0,,,,0.0,,
SHEN,REJECT,0.0,standard_base,0.0,,,,0.0,,
SHO,REJECT,0.0,standard_base,0.0,,,,0.0,,
SHOO,REJECT,0.0,standard_base,0.0,,,,0.0,,
SIG,REJECT,0.0,standard_base,0.0,,,,0.0,,
SITM,REJECT,0.0,standard_base,0.0,,,,0.0,,
SKT,REJECT,0.0,standard_base,0.0,,,,0.0,,
SKY,REJECT,0.0,standard_base,0.0,,,,0.0,,
SKYW,REJECT,0.0,standard_base,0.0,,,,0.0,,
SLG,REJECT,0.0,standard_base,0.0,,,,0.0,,
SLVM,REJECT,0.0,standard_base,0.0,,,,0.0,,
SM,REJECT,0.0,standard_base,0.0,,,,0.0,,
SMP,A,80.9,cup,21.3,cup_handle,71.6,50.2,-4.24,2.69,43.96
SMPL,REJECT,0.0,standard_base,0.0,,,,0.0,,
SMTC,REJECT,0.0,standard_base,0.0,,,,0.0,,
SNCY,REJECT,0.0,standard_base,0.0,,,,0.0,,
SNDR,REJECT,0.0,standard_base,0.0,,,,0.0,,
SNEX,REJECT,0.0,standard_base,0.0,,,,0.0,,
SONO,REJECT,0.0,standard_base,0.0,,,,0.0,,
SPNT,REJECT,0.0,standard_base,0.0,,,,0.0,,
SPSC,REJECT,0.0,standard_base,0.0,,,,0.0,,
SRPT,REJECT,0.0,standard_base,0.0,,,,0.0,,
SSTK,REJECT,0.0,standard_base,0.0,,,,0.0,,
STAA,REJECT,0.0,standard_base,0.0,,,,0.0,,
STBA,C,63.1,flat_base,13.1,flat_max_spike_filtered,54.4,43.6,-4.68,2.36,42.97
STC,REJECT,0.0,standard_base,0.0,,,,0.0,,
STEL,REJECT,0.0,standard_base,0.0,,,,0.0,,
STEP,REJECT,0.0,standard_base,0.0,,,,0.0,,
STRA,REJECT,0.0,standard_base,0.0,,,,0.0,,
SUPN,REJECT,0.0,standard_base,0.0,,,,0.0,,
SXC,REJECT,0.0,standard_base,0.0,,,,0.0,,
SXI,REJECT,41.7,cup,20.0,cup_handle,50.9,44.3,-8.09,1.73,254.86
SXT,REJECT,0.0,standard_base,0.0,,,,0.0,,
TALO,REJECT,0.0,standard_base,0.0,,,,0.0,,
TBBK,REJECT,0.0,standard_base,0.0,,,,0.0,,
TDC,REJECT,0.0,standard_base,0.0,,,,0.0,,
TDS,C,62.6,cup,17.7,cup_handle,58.4,45.9,-9.08,2.25,45.68
TDW,REJECT,0.0,standard_base,0.0,,,,0.0,,
TFIN,REJECT,0.0,standard_base,0.0,,,,0.0,,
TFX,REJECT,0.0,standard_base,0.0,,,,0.0,,
TGNA,REJECT,0.0,standard_base,0.0,,,,0.0,,
TGTX,REJECT,0.0,standard_base,0.0,,,,0.0,,
THRM,REJECT,0.0,standard_base,0.0,,,,0.0,,
THS,REJECT,0.0,standard_base,0.0,,,,0.0,,
TILE,A,78.6,cup,20.8,cup_handle,73.5,58.5,-8.84,1.96,32.85
TMDX,REJECT,0.0,standard_base,0.0,,,,0.0,,
TMP,B,71.4,cup,17.7,cup_handle,69.5,55.7,-6.96,2.23,81.09
TNC,REJECT,0.0,standard_base,0.0,,,,0.0,,
TNDM,REJECT,0.0,standard_base,0.0,,,,0.0,,
TPH,C,63.0,standard_base,29.4,flat_max_spike_filtered,94.1,73.9,-0.33,19.36,46.23
TR,REJECT,0.0,standard_base,0.0,,,,0.0,,
TRIP,REJECT,0.0,standard_base,0.0,,,,0.0,,
TRMK,C,62.1,flat_base,12.7,flat_max_spike_filtered,56.4,41.1,-5.83,2.51,43.62
TRN,A,80.5,cup,23.9,cup_handle,88.1,66.8,-2.79,2.3,34.07
TRNO,REJECT,0.0,standard_base,0.0,,,,0.0,,
TRST,REJECT,44.6,flat_base,11.3,flat_max_spike_filtered,50.5,40.4,-5.56,2.59,45.3
TRUP,REJECT,0.0,standard_base,0.0,,,,0.0,,
TTMI,REJECT,0.0,standard_base,0.0,,,,0.0,,
TWI,REJECT,0.0,standard_base,0.0,,,,0.0,,
TWO,REJECT,0.0,standard_base,0.0,,,,0.0,,
UA,REJECT,0.0,standard_base,0.0,,,,0.0,,
UAA,REJECT,0.0,standard_base,0.0,,,,0.0,,
UCB,REJECT,0.0,standard_base,0.0,,,,0.0,,
UCTT,REJECT,0.0,standard_base,0.0,,,,0.0,,
UE,REJECT,0.0,standard_base,0.0,,,,0.0,,
UFCS,REJECT,41.5,cup,15.7,cup_handle,38.0,37.6,-6.08,2.26,38.83
UFPT,REJECT,0.0,standard_base,0.0,,,,0.0,,
UHT,REJECT,0.0,standard_base,0.0,,,,0.0,,
UNF,REJECT,0.0,standard_base,0.0,,,,0.0,,
UNFI,REJECT,0.0,standard_base,0.0,,,,0.0,,
UNIT,REJECT,0.0,standard_base,0.0,,,,0.0,,
UPBD,REJECT,0.0,standard_base,0.0,,,,0.0,,
UPWK,REJECT,0.0,standard_base,0.0,,,,0.0,,
URBN,REJECT,0.0,standard_base,0.0,,,,0.0,,
USPH,C,60.9,flat_base,12.0,flat_max_spike_filtered,71.5,54.0,-6.26,2.12,84.84
UTL,REJECT,0.0,standard_base,0.0,,,,0.0,,
UVV,REJECT,0.0,standard_base,0.0,,,,0.0,,
VAC,REJECT,0.0,standard_base,0.0,,,,0.0,,
VCEL,REJECT,0.0,standard_base,0.0,,,,0.0,,
VCTR,B,69.9,cup,19.0,cup_handle,69.6,53.5,-4.56,1.89,73.65
VCYT,REJECT,0.0,standard_base,0.0,,,,0.0,,
VECO,REJECT,0.0,standard_base,0.0,,,,0.0,,
VIAV,REJECT,0.0,standard_base,0.0,,,,0.0,,
VICR,REJECT,0.0,standard_base,0.0,,,,0.0,,
VIR,REJECT,0.0,standard_base,0.0,,,,0.0,,
VIRT,REJECT,0.0,standard_base,0.0,,,,0.0,,
VITL,REJECT,0.0,standard_base,0.0,,,,0.0,,
VRE,REJECT,0.0,standard_base,0.0,,,,0.0,,
VRRM,REJECT,0.0,standard_base,0.0,,,,0.0,,
VRTS,REJECT,0.0,standard_base,0.0,,,,0.0,,
VSAT,REJECT,0.0,standard_base,0.0,,,,0.0,,
VSCO,REJECT,0.0,standard_base,0.0,,,,0.0,,
VSH,REJECT,0.0,standard_base,0.0,,,,0.0,,
VSTS,REJECT,0.0,standard_base,0.0,,,,0.0,,
VTOL,REJECT,0.0,standard_base,0.0,,,,0.0,,
VYX,REJECT,0.0,standard_base,0.0,,,,0.0,,
WABC,REJECT,0.0,standard_base,0.0,,,,0.0,,
WAFD,REJECT,0.0,standard_base,0.0,,,,0.0,,
WAY,REJECT,0.0,standard_base,0.0,,,,0.0,,
WD,REJECT,0.0,standard_base,0.0,,,,0.0,,
WDFC,REJECT,0.0,standard_base,0.0,,,,0.0,,
WEN,REJECT,0.0,standard_base,0.0,,,,0.0,,
WERN,REJECT,0.0,standard_base,0.0,,,,0.0,,
WGO,REJECT,0.0,standard_base,0.0,,,,0.0,,
WHD,REJECT,0.0,standard_base,0.0,,,,0.0,,
WINA,C,59.8,cup,19.1,cup_handle,47.2,39.0,-6.97,1.59,450.87
WKC,REJECT,0.0,standard_base,0.0,,,,0.0,,
WLY,REJECT,0.0,standard_base,0.0,,,,0.0,,
WOR,REJECT,0.0,standard_base,0.0,,,,0.0,,
WRLD,REJECT,0.0,standard_base,0.0,,,,0.0,,
WS,REJECT,0.0,standard_base,0.0,,,,0.0,,
WSC,REJECT,0.0,standard_base,0.0,,,,0.0,,
WSFS,REJECT,0.0,standard_base,0.0,,,,0.0,,
WSR,B,73.3,flat_base,10.3,flat_max_spike_filtered,59.1,47.2,-0.88,3.7,14.95
WT,REJECT,0.0,standard_base,0.0,,,,0.0,,
WU,REJECT,0.0,standard_base,0.0,,,,0.0,,
WWW,REJECT,0.0,standard_base,0.0,,,,0.0,,
XHR,B,78.1,flat_base,11.4,flat_max_spike_filtered,66.5,53.0,-2.06,2.6,15.6
XNCR,REJECT,0.0,standard_base,0.0,,,,0.0,,
XPEL,REJECT,0.0,standard_base,0.0,,,,0.0,,
YELP,REJECT,0.0,standard_base,0.0,,,,0.0,,
YOU,REJECT,0.0,standard_base,0.0,,,,0.0,,
ZD,REJECT,0.0,standard_base,0.0,,,,0.0,,
ZWS,REJECT,0.0,standard_base,0.0,,,,0.0,,
